TRUNCATE TABLE
    music_studio.review_equipment,
    music_studio.reviews,
    music_studio.equipment_maintenance,
    music_studio.booking_equipment,
    music_studio.payments,
    music_studio.bookings,
    music_studio.equipment,
    music_studio.studios,
    music_studio.users
RESTART IDENTITY CASCADE;

INSERT INTO music_studio.users (user_id, full_name, email, phone_number, role, status, created_at) VALUES
    (1, 'Волков Олег', 'volkovoleg1@outlook.com', '88932528809', 'external', 'blocked', '2024-05-18 22:24:49'),
    (2, 'Михайлова Полина', 'mihaylovapol2@outlook.com', '83039117182', 'teacher', 'inactive', '2023-07-19 19:46:50'),
    (3, 'Фролов Никита Константинович', 'frolovnikita3@inbox.ru', '+73834657871', 'student', 'active', '2024-01-21 11:35:28'),
    (4, 'Андреева Анна Дмитриевна', 'andreevaanna4@inbox.ru', '+71031051834', 'external', 'inactive', '2025-11-05 14:17:57'),
    (5, 'Жукова Наталья', 'zhukovanatal5@inbox.ru', '+73763116566', 'external', 'active', '2024-12-26 20:56:29'),
    (6, 'Кузнецов Виктор', 'kuznetsovvik6@list.ru', '+76513338726', 'teacher', 'active', '2023-10-13 09:55:47'),
    (7, 'Егорова Елена Константиновна', 'egorovaelena7@outlook.com', '+70801326773', 'student', 'inactive', '2024-09-15 08:51:56'),
    (8, 'Морозов Антон Павлович', 'morozovanton8@mail.ru', '87468723430', 'external', 'active', '2025-06-19 02:24:22'),
    (9, 'Кузнецов Степан Иванович', 'kuznetsovste9@inbox.ru', '+78208121913', 'teacher', 'active', '2024-09-19 14:50:37'),
    (10, 'Комарова Алина Ивановна', 'komarovaalin10@inbox.ru', '+79985435346', 'external', 'blocked', '2023-07-23 16:29:45'),
    (11, 'Николаев Тимофей Романович', 'nikolaevtimo11@yandex.ru', '+79911838425', 'student', 'active', '2023-04-18 05:43:33'),
    (12, 'Захаров Владимир Константинович', 'zaharovvladi12@inbox.ru', '89808412411', 'worker', 'blocked', '2025-05-09 18:40:20'),
    (13, 'Степанова Нина Владимировна', 'stepanovanin13@gmail.com', '84874016400', 'teacher', 'active', '2024-06-02 12:53:20'),
    (14, 'Павлов Никита', 'pavlovnikita14@inbox.ru', '88011280598', 'external', 'active', '2023-08-19 10:20:11'),
    (15, 'Смирнова Виктория Романовна', 'smirnovavikt15@outlook.com', '+75331586923', 'external', 'active', '2023-09-10 19:30:17'),
    (16, 'Волков Кирилл Юрьевич', 'volkovkirill16@mail.ru', '86342160733', 'teacher', 'active', '2024-12-16 10:20:54'),
    (17, 'Семенова Алина Дмитриевна', 'semenovaalin17@bk.ru', '+71458685014', 'student', 'active', '2023-10-05 18:29:26'),
    (18, 'Павлов Алексей Павлович', 'pavlovalekse18@mail.ru', '85698169340', 'teacher', 'active', '2024-11-08 18:24:09'),
    (19, 'Жукова Ангелина', 'zhukovaangel19@list.ru', '83561595148', 'admin', 'inactive', '2024-04-25 19:58:04'),
    (20, 'Орлов Антон', 'orlovanton20@inbox.ru', '+76629946804', 'student', 'inactive', '2024-03-22 01:55:07'),
    (21, 'Беляева Нина', 'belyaevanina21@bk.ru', '+73872148951', 'worker', 'active', '2024-01-01 05:32:09'),
    (22, 'Семенов Егор Иванович', 'semenovegor22@gmail.com', '89176936763', 'teacher', 'blocked', '2023-08-18 14:51:30'),
    (23, 'Иванов Борис', 'ivanovboris23@yandex.ru', '83287083172', 'student', 'active', '2024-12-23 04:09:19'),
    (24, 'Фролов Юрий Романович', 'frolovyuriy24@bk.ru', '88687277434', 'worker', 'active', '2025-03-21 04:27:56'),
    (25, 'Егорова Дарья Юрьевна', 'egorovadarya25@mail.ru', '+75581223623', 'student', 'active', '2023-04-11 03:37:30'),
    (26, 'Андреева Марина Ивановна', 'andreevamari26@gmail.com', '86909670546', 'student', 'active', '2024-10-13 07:14:44'),
    (27, 'Жукова Нина', 'zhukovanina27@bk.ru', '+76706562729', 'external', 'blocked', '2025-04-10 02:34:20'),
    (28, 'Соловьева Юлия Ивановна', 'solovevayuli28@yandex.ru', '82720465375', 'external', 'active', '2024-06-08 15:55:56'),
    (29, 'Зайцев Сергей', 'zaytsevserge29@outlook.com', '+71708053100', 'external', 'blocked', '2024-01-20 12:23:23'),
    (30, 'Петрова Нина Алексеевна', 'petrovanina30@bk.ru', '89374529912', 'teacher', 'blocked', '2024-04-28 13:22:17'),
    (31, 'Петрова Виктория Павловна', 'petrovavikto31@bk.ru', '83193149190', 'external', 'inactive', '2024-06-23 17:41:40'),
    (32, 'Захарова Елена Владимировна', 'zaharovaelen32@yandex.ru', '87165726284', 'student', 'inactive', '2025-08-15 03:52:36'),
    (33, 'Жуков Борис Павлович', 'zhukovboris33@outlook.com', '84531473799', 'worker', 'blocked', '2025-11-04 08:52:18'),
    (34, 'Петрова Вероника', 'petrovaveron34@gmail.com', '+75454948083', 'student', 'active', '2023-05-14 08:52:57'),
    (35, 'Борисова Вероника Дмитриевна', 'borisovavero35@list.ru', '+77701436349', 'student', 'active', '2024-07-27 15:04:46'),
    (36, 'Максимова Полина Юрьевна', 'maksimovapol36@inbox.ru', '+77444313518', 'external', 'inactive', '2025-12-08 12:09:44'),
    (37, 'Лебедева Ева Юрьевна', 'lebedevaeva37@inbox.ru', '88941343524', 'student', 'active', '2023-01-23 08:29:21'),
    (38, 'Новиков Сергей Иванович', 'novikovserge38@inbox.ru', '+72710947775', 'external', 'blocked', '2023-10-14 18:34:32'),
    (39, 'Павлов Роман Петрович', 'pavlovroman39@bk.ru', '+79022941318', 'student', 'active', '2024-10-08 21:05:31'),
    (40, 'Герасимов Михаил', 'gerasimovmih40@bk.ru', '+77496499091', 'student', 'active', '2023-11-20 03:53:40'),
    (41, 'Павлов Виктор Дмитриевич', 'pavlovviktor41@gmail.com', '+72067974034', 'student', 'inactive', '2024-03-15 13:30:17'),
    (42, 'Романов Дмитрий', 'romanovdmitr42@mail.ru', '89361832421', 'teacher', 'inactive', '2023-04-04 00:28:02'),
    (43, 'Николаева Нина', 'nikolaevanin43@inbox.ru', '87174648877', 'admin', 'blocked', '2023-05-06 08:05:22'),
    (44, 'Яковлев Степан Сергеевич', 'yakovlevstep44@yandex.ru', '+79904902787', 'student', 'active', '2024-03-08 11:25:43'),
    (45, 'Беляева Анастасия', 'belyaevaanas45@bk.ru', '87565512567', 'teacher', 'inactive', '2024-03-24 02:32:17'),
    (46, 'Соловьев Борис Ильич', 'solovevboris46@yandex.ru', '+75168087603', 'student', 'blocked', '2025-03-16 17:49:17'),
    (47, 'Сергеева Валерия Ивановна', 'sergeevavale47@gmail.com', '+72477109324', 'worker', 'active', '2025-05-06 01:46:00'),
    (48, 'Борисова Елена Константиновна', 'borisovaelen48@yandex.ru', '+71274846773', 'teacher', 'active', '2024-12-10 23:14:02'),
    (49, 'Зайцева Екатерина', 'zaytsevaekat49@inbox.ru', '82146584044', 'student', 'blocked', '2025-07-01 03:37:27'),
    (50, 'Сергеев Артем Ильич', 'sergeevartem50@mail.ru', '+78675339636', 'external', 'active', '2023-03-10 04:17:21'),
    (51, 'Воробьева Диана', 'vorobevadian51@bk.ru', '+72702895171', 'student', 'active', '2025-03-28 09:52:39'),
    (52, 'Иванов Степан Константинович', 'ivanovstepan52@list.ru', '81745961586', 'external', 'blocked', '2024-05-07 06:59:00'),
    (53, 'Сергеев Глеб Петрович', 'sergeevgleb53@gmail.com', '84316117240', 'admin', 'inactive', '2023-03-13 19:40:03'),
    (54, 'Кузнецова Виктория Павловна', 'kuznetsovavi54@gmail.com', '+76922219693', 'external', 'active', '2025-02-12 11:22:47'),
    (55, 'Федоров Михаил Сергеевич', 'fedorovmihai55@bk.ru', '+70748217594', 'admin', 'blocked', '2025-09-19 22:21:40'),
    (56, 'Павлов Тимофей', 'pavlovtimofe56@gmail.com', '87136959440', 'admin', 'blocked', '2025-10-19 21:35:10'),
    (57, 'Иванова Юлия', 'ivanovayuliy57@outlook.com', '80974395339', 'student', 'active', '2024-01-25 17:02:39'),
    (58, 'Новиков Даниил Олегович', 'novikovdanii58@list.ru', '+77095214562', 'external', 'blocked', '2023-11-09 07:10:21'),
    (59, 'Жукова Полина Сергеевна', 'zhukovapolin59@outlook.com', '+77451712368', 'external', 'inactive', '2024-07-22 14:04:56'),
    (60, 'Соловьева Анна Петровна', 'solovevaanna60@bk.ru', '+74965137098', 'external', 'inactive', '2024-05-24 21:57:37'),
    (61, 'Семенов Даниил Константинович', 'semenovdanii61@bk.ru', '84612004711', 'external', 'active', '2024-01-01 02:58:46'),
    (62, 'Новиков Антон Олегович', 'novikovanton62@list.ru', '88692617964', 'student', 'inactive', '2023-02-21 04:45:05'),
    (63, 'Лебедев Тимофей Дмитриевич', 'lebedevtimof63@outlook.com', '+75850643171', 'admin', 'inactive', '2025-10-26 22:48:34'),
    (64, 'Дмитриева Анна Владимировна', 'dmitrievaann64@gmail.com', '89318393352', 'worker', 'active', '2025-07-15 04:48:21'),
    (65, 'Федорова Наталья Романовна', 'fedorovanata65@gmail.com', '+70205395024', 'worker', 'active', '2023-03-23 18:34:37'),
    (66, 'Борисова Людмила Петровна', 'borisovalyud66@bk.ru', '+75891783908', 'external', 'blocked', '2024-04-13 22:35:37'),
    (67, 'Петрова Мария', 'petrovamariy67@outlook.com', '+71771159212', 'student', 'inactive', '2024-03-03 14:20:22'),
    (68, 'Беляев Глеб', 'belyaevgleb68@bk.ru', '88478961183', 'worker', 'active', '2024-10-30 11:10:10'),
    (69, 'Семенова Анастасия Ильинична', 'semenovaanas69@bk.ru', '+71565452711', 'admin', 'active', '2023-05-13 23:36:50'),
    (70, 'Соколова Ева', 'sokolovaeva70@outlook.com', '+70988516560', 'student', 'active', '2024-03-23 04:36:05'),
    (71, 'Макаров Максим Дмитриевич', 'makarovmaksi71@gmail.com', '83158514936', 'teacher', 'active', '2025-05-21 19:19:01'),
    (72, 'Герасимов Юрий', 'gerasimovyur72@inbox.ru', '+74024455022', 'student', 'active', '2025-05-30 02:58:50'),
    (73, 'Попов Артем', 'popovartem73@yandex.ru', '+78366752545', 'worker', 'active', '2025-06-01 02:25:17'),
    (74, 'Кузнецов Артем Максимович', 'kuznetsovart74@yandex.ru', '84767976438', 'student', 'blocked', '2023-06-27 04:25:27'),
    (75, 'Михайлова Виктория', 'mihaylovavik75@inbox.ru', '+74036900343', 'student', 'active', '2023-08-02 13:29:03'),
    (76, 'Степанов Павел Ильич', 'stepanovpave76@list.ru', '+72683885160', 'student', 'inactive', '2024-11-09 00:26:43'),
    (77, 'Попова София Максимовна', 'popovasofiya77@bk.ru', '86416052975', 'external', 'inactive', '2023-05-18 06:43:12'),
    (78, 'Соколова Алина Павловна', 'sokolovaalin78@inbox.ru', '+74535218188', 'external', 'active', '2023-10-29 14:15:14'),
    (79, 'Макаров Илья', 'makarovilya79@outlook.com', '82312432921', 'student', 'active', '2023-10-03 13:29:10'),
    (80, 'Сергеев Тимофей', 'sergeevtimof80@outlook.com', '+79955271774', 'student', 'blocked', '2024-03-03 01:34:35');

INSERT INTO music_studio.studios (studio_id, studio_name, capacity, description, hourly_cost, status) VALUES
    (1, 'Класс камерного ансамбля', 22, 'Учебное музыкальное помещение университета', 2081.76, 'maintenance'),
    (2, 'Вокальная студия №1', 7, 'Класс для постановки голоса, распевок и индивидуальных уроков вокала', 857.22, 'available'),
    (3, 'Вокальная студия №2', 11, 'Класс для постановки голоса, распевок и индивидуальных уроков вокала', 1001.09, 'occupied'),
    (4, 'Репетиционная аудитория А', 8, 'Помещение для репетиций малых составов и подготовки концертных номеров', 1350.52, 'available'),
    (5, 'Репетиционная аудитория Б', 20, 'Помещение для репетиций малых составов и подготовки концертных номеров', 1799.13, 'available'),
    (6, 'Камерный зал', 56, 'Зал для камерных выступлений, академических прослушиваний и занятий ансамбля', 4759.49, 'occupied'),
    (7, 'Актовый зал', 130, 'Крупное помещение для концертов, отчетных выступлений и репетиций крупных составов', 6165.01, 'occupied'),
    (8, 'Хоровой класс', 35, 'Просторный класс для репетиций хора и групповых вокальных занятий', 1870.46, 'inactive'),
    (9, 'Фортепианный класс №1', 9, 'Небольшой класс для индивидуальных занятий и работы с концертмейстером', 1050.21, 'maintenance'),
    (10, 'Фортепианный класс №2', 7, 'Небольшой класс для индивидуальных занятий и работы с концертмейстером', 1119.25, 'available'),
    (11, 'Студия звукозаписи', 15, 'Специализированное помещение для записи, сведения и работы с электронными инструментами', 2133.37, 'inactive'),
    (12, 'Лаборатория электронной музыки', 11, 'Специализированное помещение для записи, сведения и работы с электронными инструментами', 3727.67, 'available'),
    (13, 'Класс ударных инструментов', 14, 'Акустически подготовленный класс для занятий на ударных инструментах', 2254.03, 'maintenance'),
    (14, 'Класс духовых инструментов', 15, 'Учебная аудитория для занятий по специальности и ансамблевой работы', 2286.24, 'available'),
    (15, 'Класс струнных инструментов', 10, 'Учебная аудитория для занятий по специальности и ансамблевой работы', 2462.76, 'available'),
    (16, 'Малый концертный зал', 76, 'Зал для камерных выступлений, академических прослушиваний и занятий ансамбля', 3269.69, 'available'),
    (17, 'Репетиционная комната №3', 13, 'Помещение для репетиций малых составов и подготовки концертных номеров', 994.51, 'inactive'),
    (18, 'Репетиционная комната №4', 18, 'Помещение для репетиций малых составов и подготовки концертных номеров', 1286.56, 'occupied'),
    (19, 'Класс сольфеджио', 20, 'Учебный класс для теоретических дисциплин и практических занятий', 1378.99, 'available'),
    (20, 'Аудитория концертмейстеров', 12, 'Учебное музыкальное помещение университета', 1333.37, 'inactive');

INSERT INTO music_studio.equipment (equipment_id, studio_id, equipment_name, equipment_type, status, description) VALUES
    (1, 5, 'Цифровое пианино Casio', 'Пианино', 'available', 'Цифровое пианино Casio. Инструмент подходит для индивидуальных занятий, аккомпанемента и камерных репетиций. Находится в рабочем состоянии и доступно для регулярного использования.'),
    (2, 7, 'Пюпитр', 'Пюпитр', 'available', 'Пюпитр. Устойчивый пюпитр для нотных материалов на занятиях и репетициях. Находится в рабочем состоянии и доступно для регулярного использования.'),
    (3, 7, 'Радиосистема для вокала', 'Радиосистема', 'available', 'Радиосистема для вокала. Беспроводная система для вокала и сценических выступлений в учебных помещениях. Находится в рабочем состоянии и доступно для регулярного использования.'),
    (4, 20, 'Синтезатор Yamaha', 'Синтезатор', 'available', 'Синтезатор Yamaha. Клавишный инструмент для занятий, аранжировок и работы с электронным звучанием. Находится в рабочем состоянии и доступно для регулярного использования.'),
    (5, 8, 'Педаль сустейна', 'Педаль', 'maintenance', 'Педаль сустейна. Педаль для клавишных инструментов, используется при индивидуальных занятиях. Требует настройки или профилактики перед активной эксплуатацией.'),
    (6, 7, 'Метроном цифровой', 'Метроном', 'available', 'Метроном цифровой. Цифровой метроном для отработки темпа и ритмической устойчивости. Находится в рабочем состоянии и доступно для регулярного использования.'),
    (7, 7, 'Метроном цифровой 7', 'Метроном', 'available', 'Метроном цифровой 7. Цифровой метроном для отработки темпа и ритмической устойчивости. Находится в рабочем состоянии и доступно для регулярного использования.'),
    (8, 11, 'Профессиональная акустическая система', 'Акустическая система', 'booked', 'Профессиональная акустическая система. Комплект звукового усиления для репетиций, прослушиваний и небольших выступлений. Сейчас закреплено за бронированиями, но пригодно для планового использования.'),
    (9, 19, 'Конденсаторный микрофон Audio-Technica', 'Микрофон', 'available', 'Конденсаторный микрофон Audio-Technica. Микрофон для вокала, записи учебных демо и работы с речевым материалом. Находится в рабочем состоянии и доступно для регулярного использования.'),
    (10, 7, 'Радиосистема для вокала 10', 'Радиосистема', 'broken', 'Радиосистема для вокала 10. Беспроводная система для вокала и сценических выступлений в учебных помещениях. Временно не используется до ремонта или замены неисправных элементов.'),
    (11, 1, 'Акустическое пианино Petrof', 'Пианино', 'available', 'Акустическое пианино Petrof. Инструмент подходит для индивидуальных занятий, аккомпанемента и камерных репетиций. Находится в рабочем состоянии и доступно для регулярного использования.'),
    (12, 16, 'Гитарный усилитель Marshall', 'Усилитель', 'available', 'Гитарный усилитель Marshall. Усилитель для инструментальных занятий и репетиций малых составов. Находится в рабочем состоянии и доступно для регулярного использования.'),
    (13, 7, 'Метроном цифровой 13', 'Метроном', 'maintenance', 'Метроном цифровой 13. Цифровой метроном для отработки темпа и ритмической устойчивости. Требует настройки или профилактики перед активной эксплуатацией.'),
    (14, 16, 'Тюнер', 'Тюнер', 'booked', 'Тюнер. Компактный тюнер для настройки инструментов перед занятием или репетицией. Сейчас закреплено за бронированиями, но пригодно для планового использования.'),
    (15, 11, 'Ударная установка Tama', 'Ударная установка', 'broken', 'Ударная установка Tama. Комплект ударных инструментов для занятий и ансамблевых репетиций. Временно не используется до ремонта или замены неисправных элементов.'),
    (16, 16, 'Цифровая консоль Behringer X32', 'Микшерный пульт', 'maintenance', 'Цифровая консоль Behringer X32. Пульт для настройки баланса, маршрутизации сигнала и работы со звуком. Требует настройки или профилактики перед активной эксплуатацией.'),
    (17, 16, 'Комбоусилитель Roland', 'Усилитель', 'available', 'Комбоусилитель Roland. Усилитель для инструментальных занятий и репетиций малых составов. Находится в рабочем состоянии и доступно для регулярного использования.'),
    (18, 7, 'Сценический монитор', 'Акустическая система', 'available', 'Сценический монитор. Комплект звукового усиления для репетиций, прослушиваний и небольших выступлений. Находится в рабочем состоянии и доступно для регулярного использования.'),
    (19, 3, 'Микрофонная стойка', 'Стойка', 'broken', 'Микрофонная стойка. Стойка для микрофона, удобна для репетиций и занятий по вокалу. Временно не используется до ремонта или замены неисправных элементов.'),
    (20, 7, 'Пюпитр 20', 'Пюпитр', 'available', 'Пюпитр 20. Устойчивый пюпитр для нотных материалов на занятиях и репетициях. Находится в рабочем состоянии и доступно для регулярного использования.'),
    (21, 16, 'Кабель XLR', 'Кабель', 'booked', 'Кабель XLR. Соединительный кабель для подключения микрофонов, пультов и акустики. Сейчас закреплено за бронированиями, но пригодно для планового использования.'),
    (22, 6, 'MIDI-клавиатура', 'MIDI-контроллер', 'booked', 'MIDI-клавиатура. Контроллер для работы с виртуальными инструментами и учебными проектами. Сейчас закреплено за бронированиями, но пригодно для планового использования.'),
    (23, 16, 'Гитарный усилитель Marshall 23', 'Усилитель', 'booked', 'Гитарный усилитель Marshall 23. Усилитель для инструментальных занятий и репетиций малых составов. Сейчас закреплено за бронированиями, но пригодно для планового использования.'),
    (24, 7, 'Тюнер 24', 'Тюнер', 'available', 'Тюнер 24. Компактный тюнер для настройки инструментов перед занятием или репетицией. Находится в рабочем состоянии и доступно для регулярного использования.'),
    (25, 14, 'Стул музыканта', 'Мебель', 'available', 'Стул музыканта. Стул музыканта для комфортной посадки во время занятий и репетиций. Находится в рабочем состоянии и доступно для регулярного использования.'),
    (26, 11, 'Микрофонная стойка 26', 'Стойка', 'available', 'Микрофонная стойка 26. Стойка для микрофона, удобна для репетиций и занятий по вокалу. Находится в рабочем состоянии и доступно для регулярного использования.'),
    (27, 16, 'Ударная установка Tama 27', 'Ударная установка', 'available', 'Ударная установка Tama 27. Комплект ударных инструментов для занятий и ансамблевых репетиций. Находится в рабочем состоянии и доступно для регулярного использования.'),
    (28, 4, 'Комбоусилитель Roland 28', 'Усилитель', 'maintenance', 'Комбоусилитель Roland 28. Усилитель для инструментальных занятий и репетиций малых составов. Требует настройки или профилактики перед активной эксплуатацией.'),
    (29, 16, 'Цифровая консоль Behringer X32 29', 'Микшерный пульт', 'available', 'Цифровая консоль Behringer X32 29. Пульт для настройки баланса, маршрутизации сигнала и работы со звуком. Находится в рабочем состоянии и доступно для регулярного использования.'),
    (30, 7, 'MIDI-клавиатура 30', 'MIDI-контроллер', 'booked', 'MIDI-клавиатура 30. Контроллер для работы с виртуальными инструментами и учебными проектами. Сейчас закреплено за бронированиями, но пригодно для планового использования.'),
    (31, 7, 'Акустическое пианино Petrof 31', 'Пианино', 'booked', 'Акустическое пианино Petrof 31. Инструмент подходит для индивидуальных занятий, аккомпанемента и камерных репетиций. Сейчас закреплено за бронированиями, но пригодно для планового использования.'),
    (32, 3, 'Поп-фильтр', 'Аксессуар', 'booked', 'Поп-фильтр. Вспомогательный аксессуар для занятий, записи и репетиционной работы. Сейчас закреплено за бронированиями, но пригодно для планового использования.'),
    (33, 6, 'Цифровая консоль Behringer X32 33', 'Микшерный пульт', 'available', 'Цифровая консоль Behringer X32 33. Пульт для настройки баланса, маршрутизации сигнала и работы со звуком. Находится в рабочем состоянии и доступно для регулярного использования.'),
    (34, 3, 'MIDI-клавиатура 34', 'MIDI-контроллер', 'available', 'MIDI-клавиатура 34. Контроллер для работы с виртуальными инструментами и учебными проектами. Находится в рабочем состоянии и доступно для регулярного использования.'),
    (35, 18, 'Наушники мониторные', 'Наушники', 'maintenance', 'Наушники мониторные. Закрытые наушники для мониторинга записи и индивидуальной работы со звуком. Требует настройки или профилактики перед активной эксплуатацией.'),
    (36, 7, 'Микрофонная стойка 36', 'Стойка', 'available', 'Микрофонная стойка 36. Стойка для микрофона, удобна для репетиций и занятий по вокалу. Находится в рабочем состоянии и доступно для регулярного использования.'),
    (37, 20, 'Кабель XLR 37', 'Кабель', 'broken', 'Кабель XLR 37. Соединительный кабель для подключения микрофонов, пультов и акустики. Временно не используется до ремонта или замены неисправных элементов.'),
    (38, 7, 'Микрофонная стойка 38', 'Стойка', 'available', 'Микрофонная стойка 38. Стойка для микрофона, удобна для репетиций и занятий по вокалу. Находится в рабочем состоянии и доступно для регулярного использования.'),
    (39, 7, 'Профессиональная акустическая система 39', 'Акустическая система', 'available', 'Профессиональная акустическая система 39. Комплект звукового усиления для репетиций, прослушиваний и небольших выступлений. Находится в рабочем состоянии и доступно для регулярного использования.'),
    (40, 16, 'Кабель XLR 40', 'Кабель', 'maintenance', 'Кабель XLR 40. Соединительный кабель для подключения микрофонов, пультов и акустики. Требует настройки или профилактики перед активной эксплуатацией.'),
    (41, 6, 'Педаль сустейна 41', 'Педаль', 'broken', 'Педаль сустейна 41. Педаль для клавишных инструментов, используется при индивидуальных занятиях. Временно не используется до ремонта или замены неисправных элементов.'),
    (42, 7, 'Микрофонная стойка 42', 'Стойка', 'booked', 'Микрофонная стойка 42. Стойка для микрофона, удобна для репетиций и занятий по вокалу. Сейчас закреплено за бронированиями, но пригодно для планового использования.'),
    (43, 16, 'Метроном цифровой 43', 'Метроном', 'available', 'Метроном цифровой 43. Цифровой метроном для отработки темпа и ритмической устойчивости. Находится в рабочем состоянии и доступно для регулярного использования.'),
    (44, 16, 'Метроном цифровой 44', 'Метроном', 'available', 'Метроном цифровой 44. Цифровой метроном для отработки темпа и ритмической устойчивости. Находится в рабочем состоянии и доступно для регулярного использования.'),
    (45, 7, 'Конденсаторный микрофон Audio-Technica 45', 'Микрофон', 'maintenance', 'Конденсаторный микрофон Audio-Technica 45. Микрофон для вокала, записи учебных демо и работы с речевым материалом. Требует настройки или профилактики перед активной эксплуатацией.'),
    (46, 6, 'Студийный комплект записи', 'Студийный комплект', 'broken', 'Студийный комплект записи. Оборудование используется для учебных занятий и репетиционной работы. Временно не используется до ремонта или замены неисправных элементов.'),
    (47, 7, 'Гитарный усилитель Marshall 47', 'Усилитель', 'available', 'Гитарный усилитель Marshall 47. Усилитель для инструментальных занятий и репетиций малых составов. Находится в рабочем состоянии и доступно для регулярного использования.'),
    (48, 16, 'Комбоусилитель Roland 48', 'Усилитель', 'broken', 'Комбоусилитель Roland 48. Усилитель для инструментальных занятий и репетиций малых составов. Временно не используется до ремонта или замены неисправных элементов.'),
    (49, 16, 'Комбоусилитель Roland 49', 'Усилитель', 'maintenance', 'Комбоусилитель Roland 49. Усилитель для инструментальных занятий и репетиций малых составов. Требует настройки или профилактики перед активной эксплуатацией.'),
    (50, 16, 'Синтезатор Yamaha 50', 'Синтезатор', 'available', 'Синтезатор Yamaha 50. Клавишный инструмент для занятий, аранжировок и работы с электронным звучанием. Находится в рабочем состоянии и доступно для регулярного использования.'),
    (51, 7, 'Цифровая консоль Behringer X32 51', 'Микшерный пульт', 'booked', 'Цифровая консоль Behringer X32 51. Пульт для настройки баланса, маршрутизации сигнала и работы со звуком. Сейчас закреплено за бронированиями, но пригодно для планового использования.'),
    (52, 19, 'Синтезатор Yamaha 52', 'Синтезатор', 'available', 'Синтезатор Yamaha 52. Клавишный инструмент для занятий, аранжировок и работы с электронным звучанием. Находится в рабочем состоянии и доступно для регулярного использования.'),
    (53, 7, 'Сценическое освещение комплект', 'Световое оборудование', 'booked', 'Сценическое освещение комплект. Оборудование используется для учебных занятий и репетиционной работы. Сейчас закреплено за бронированиями, но пригодно для планового использования.'),
    (54, 7, 'Метроном цифровой 54', 'Метроном', 'available', 'Метроном цифровой 54. Цифровой метроном для отработки темпа и ритмической устойчивости. Находится в рабочем состоянии и доступно для регулярного использования.'),
    (55, 17, 'Стул музыканта 55', 'Мебель', 'available', 'Стул музыканта 55. Стул музыканта для комфортной посадки во время занятий и репетиций. Находится в рабочем состоянии и доступно для регулярного использования.'),
    (56, 7, 'Наушники мониторные 56', 'Наушники', 'broken', 'Наушники мониторные 56. Закрытые наушники для мониторинга записи и индивидуальной работы со звуком. Временно не используется до ремонта или замены неисправных элементов.'),
    (57, 16, 'Рояль Yamaha C3', 'Пианино', 'maintenance', 'Рояль Yamaha C3. Инструмент подходит для индивидуальных занятий, аккомпанемента и камерных репетиций. Требует настройки или профилактики перед активной эксплуатацией.'),
    (58, 15, 'Наушники мониторные 58', 'Наушники', 'broken', 'Наушники мониторные 58. Закрытые наушники для мониторинга записи и индивидуальной работы со звуком. Временно не используется до ремонта или замены неисправных элементов.'),
    (59, 5, 'Синтезатор Yamaha 59', 'Синтезатор', 'available', 'Синтезатор Yamaha 59. Клавишный инструмент для занятий, аранжировок и работы с электронным звучанием. Находится в рабочем состоянии и доступно для регулярного использования.'),
    (60, 9, 'Сценический монитор 60', 'Акустическая система', 'available', 'Сценический монитор 60. Комплект звукового усиления для репетиций, прослушиваний и небольших выступлений. Находится в рабочем состоянии и доступно для регулярного использования.'),
    (61, 16, 'Сценическое освещение комплект 61', 'Световое оборудование', 'available', 'Сценическое освещение комплект 61. Оборудование используется для учебных занятий и репетиционной работы. Находится в рабочем состоянии и доступно для регулярного использования.'),
    (62, 7, 'Профессиональная акустическая система 62', 'Акустическая система', 'available', 'Профессиональная акустическая система 62. Комплект звукового усиления для репетиций, прослушиваний и небольших выступлений. Находится в рабочем состоянии и доступно для регулярного использования.'),
    (63, 7, 'Динамический микрофон Shure', 'Микрофон', 'available', 'Динамический микрофон Shure. Микрофон для вокала, записи учебных демо и работы с речевым материалом. Находится в рабочем состоянии и доступно для регулярного использования.'),
    (64, 5, 'Микшерный пульт Allen & Heath', 'Микшерный пульт', 'maintenance', 'Микшерный пульт Allen & Heath. Пульт для настройки баланса, маршрутизации сигнала и работы со звуком. Требует настройки или профилактики перед активной эксплуатацией.'),
    (65, 12, 'Студийный комплект записи 65', 'Студийный комплект', 'available', 'Студийный комплект записи 65. Оборудование используется для учебных занятий и репетиционной работы. Находится в рабочем состоянии и доступно для регулярного использования.'),
    (66, 7, 'Студийный комплект записи 66', 'Студийный комплект', 'available', 'Студийный комплект записи 66. Оборудование используется для учебных занятий и репетиционной работы. Находится в рабочем состоянии и доступно для регулярного использования.'),
    (67, 9, 'Ударная установка Tama 67', 'Ударная установка', 'available', 'Ударная установка Tama 67. Комплект ударных инструментов для занятий и ансамблевых репетиций. Находится в рабочем состоянии и доступно для регулярного использования.'),
    (68, 7, 'Профессиональная акустическая система 68', 'Акустическая система', 'broken', 'Профессиональная акустическая система 68. Комплект звукового усиления для репетиций, прослушиваний и небольших выступлений. Временно не используется до ремонта или замены неисправных элементов.'),
    (69, 13, 'Гитарный усилитель Marshall 69', 'Усилитель', 'maintenance', 'Гитарный усилитель Marshall 69. Усилитель для инструментальных занятий и репетиций малых составов. Требует настройки или профилактики перед активной эксплуатацией.'),
    (70, 7, 'Кабель XLR 70', 'Кабель', 'available', 'Кабель XLR 70. Соединительный кабель для подключения микрофонов, пультов и акустики. Находится в рабочем состоянии и доступно для регулярного использования.'),
    (71, 3, 'Радиосистема для вокала 71', 'Радиосистема', 'booked', 'Радиосистема для вокала 71. Беспроводная система для вокала и сценических выступлений в учебных помещениях. Сейчас закреплено за бронированиями, но пригодно для планового использования.'),
    (72, 16, 'Конденсаторный микрофон Audio-Technica 72', 'Микрофон', 'maintenance', 'Конденсаторный микрофон Audio-Technica 72. Микрофон для вокала, записи учебных демо и работы с речевым материалом. Требует настройки или профилактики перед активной эксплуатацией.'),
    (73, 7, 'Конденсаторный микрофон Audio-Technica 73', 'Микрофон', 'booked', 'Конденсаторный микрофон Audio-Technica 73. Микрофон для вокала, записи учебных демо и работы с речевым материалом. Сейчас закреплено за бронированиями, но пригодно для планового использования.'),
    (74, 20, 'Поп-фильтр 74', 'Аксессуар', 'available', 'Поп-фильтр 74. Вспомогательный аксессуар для занятий, записи и репетиционной работы. Находится в рабочем состоянии и доступно для регулярного использования.'),
    (75, 7, 'Цифровое пианино Casio 75', 'Пианино', 'maintenance', 'Цифровое пианино Casio 75. Инструмент подходит для индивидуальных занятий, аккомпанемента и камерных репетиций. Требует настройки или профилактики перед активной эксплуатацией.'),
    (76, 19, 'Педаль сустейна 76', 'Педаль', 'broken', 'Педаль сустейна 76. Педаль для клавишных инструментов, используется при индивидуальных занятиях. Временно не используется до ремонта или замены неисправных элементов.'),
    (77, 18, 'Гитарный усилитель Marshall 77', 'Усилитель', 'available', 'Гитарный усилитель Marshall 77. Усилитель для инструментальных занятий и репетиций малых составов. Находится в рабочем состоянии и доступно для регулярного использования.'),
    (78, 5, 'Профессиональная акустическая система 78', 'Акустическая система', 'booked', 'Профессиональная акустическая система 78. Комплект звукового усиления для репетиций, прослушиваний и небольших выступлений. Сейчас закреплено за бронированиями, но пригодно для планового использования.'),
    (79, 11, 'Тюнер 79', 'Тюнер', 'maintenance', 'Тюнер 79. Компактный тюнер для настройки инструментов перед занятием или репетицией. Требует настройки или профилактики перед активной эксплуатацией.'),
    (80, 7, 'Микрофонная стойка 80', 'Стойка', 'broken', 'Микрофонная стойка 80. Стойка для микрофона, удобна для репетиций и занятий по вокалу. Временно не используется до ремонта или замены неисправных элементов.'),
    (81, 16, 'Синтезатор Yamaha 81', 'Синтезатор', 'available', 'Синтезатор Yamaha 81. Клавишный инструмент для занятий, аранжировок и работы с электронным звучанием. Находится в рабочем состоянии и доступно для регулярного использования.'),
    (82, 13, 'Метроном цифровой 82', 'Метроном', 'broken', 'Метроном цифровой 82. Цифровой метроном для отработки темпа и ритмической устойчивости. Временно не используется до ремонта или замены неисправных элементов.'),
    (83, 18, 'Конденсаторный микрофон Audio-Technica 83', 'Микрофон', 'available', 'Конденсаторный микрофон Audio-Technica 83. Микрофон для вокала, записи учебных демо и работы с речевым материалом. Находится в рабочем состоянии и доступно для регулярного использования.'),
    (84, 6, 'MIDI-клавиатура 84', 'MIDI-контроллер', 'booked', 'MIDI-клавиатура 84. Контроллер для работы с виртуальными инструментами и учебными проектами. Сейчас закреплено за бронированиями, но пригодно для планового использования.'),
    (85, 9, 'Педаль сустейна 85', 'Педаль', 'broken', 'Педаль сустейна 85. Педаль для клавишных инструментов, используется при индивидуальных занятиях. Временно не используется до ремонта или замены неисправных элементов.'),
    (86, 16, 'Стул музыканта 86', 'Мебель', 'available', 'Стул музыканта 86. Стул музыканта для комфортной посадки во время занятий и репетиций. Находится в рабочем состоянии и доступно для регулярного использования.'),
    (87, 2, 'Метроном цифровой 87', 'Метроном', 'booked', 'Метроном цифровой 87. Цифровой метроном для отработки темпа и ритмической устойчивости. Сейчас закреплено за бронированиями, но пригодно для планового использования.'),
    (88, 5, 'Синтезатор Yamaha 88', 'Синтезатор', 'available', 'Синтезатор Yamaha 88. Клавишный инструмент для занятий, аранжировок и работы с электронным звучанием. Находится в рабочем состоянии и доступно для регулярного использования.'),
    (89, 16, 'Стул музыканта 89', 'Мебель', 'broken', 'Стул музыканта 89. Стул музыканта для комфортной посадки во время занятий и репетиций. Временно не используется до ремонта или замены неисправных элементов.'),
    (90, 7, 'Радиосистема для вокала 90', 'Радиосистема', 'maintenance', 'Радиосистема для вокала 90. Беспроводная система для вокала и сценических выступлений в учебных помещениях. Требует настройки или профилактики перед активной эксплуатацией.');

INSERT INTO music_studio.bookings (booking_id, user_id, studio_id, start_time, end_time, purpose, status, total_cost, created_at) VALUES
    (1, 37, 2, '2024-09-14 14:45:12', '2024-09-14 20:45:12', 'Репетиция хора', 'created', 5143.32, '2024-09-10 08:08:12'),
    (2, 65, 16, '2025-06-18 18:03:47', '2025-06-19 00:03:47', 'Репетиция хора', 'completed', 19840.89, '2025-06-17 08:33:47'),
    (3, 78, 16, '2025-08-26 04:42:31', '2025-08-26 09:42:31', 'Индивидуальная репетиция', 'cancelled', 18576.80, '2025-08-07 00:56:31'),
    (4, 46, 6, '2025-05-03 21:52:49', '2025-05-04 03:52:49', 'Прослушивание', 'completed', 29581.53, '2025-04-13 08:59:49'),
    (5, 13, 14, '2024-01-25 20:31:01', '2024-01-26 01:31:01', 'Индивидуальная репетиция', 'created', 11431.20, '2024-01-02 19:19:01'),
    (6, 35, 7, '2024-11-17 02:08:03', '2024-11-17 08:08:03', 'Репетиция малого состава', 'completed', 38112.65, '2024-11-09 19:36:03'),
    (7, 48, 7, '2025-10-21 06:53:36', '2025-10-21 12:53:36', 'Подготовка ансамбля', 'cancelled', 39866.94, '2025-09-27 06:08:36'),
    (8, 40, 7, '2025-05-29 16:48:08', '2025-05-29 20:48:08', 'Подготовка ансамбля', 'cancelled', 25955.00, '2025-05-12 10:28:08'),
    (9, 35, 7, '2025-02-28 15:16:15', '2025-02-28 18:16:15', 'Подготовка к экзамену', 'confirmed', 19390.17, '2025-02-06 02:21:15'),
    (10, 54, 16, '2024-07-24 16:04:05', '2024-07-24 21:04:05', 'Репетиция хора', 'completed', 16348.45, '2024-07-08 12:49:05'),
    (11, 44, 6, '2024-08-19 11:56:15', '2024-08-19 14:56:15', 'Подготовка к экзамену', 'completed', 16249.38, '2024-07-27 08:12:15'),
    (12, 38, 7, '2025-03-11 16:14:45', '2025-03-11 22:14:45', 'Аранжировка материала', 'cancelled', 37525.79, '2025-03-02 12:07:45'),
    (13, 54, 7, '2024-11-02 18:37:04', '2024-11-02 21:37:04', 'Репетиция хора', 'cancelled', 21775.13, '2024-10-08 06:28:04'),
    (14, 5, 18, '2024-03-02 17:12:55', '2024-03-02 20:12:55', 'Репетиция хора', 'cancelled', 3859.68, '2024-02-02 09:31:55'),
    (15, 61, 6, '2025-10-05 10:08:18', '2025-10-05 15:08:18', 'Репетиция хора', 'created', 24597.80, '2025-09-26 01:24:18'),
    (16, 11, 11, '2025-04-01 03:18:48', '2025-04-01 05:18:48', 'Сольная репетиция', 'confirmed', 4266.74, '2025-03-24 02:36:48'),
    (17, 17, 6, '2024-03-19 03:49:31', '2024-03-19 07:49:31', 'Занятие по вокалу', 'created', 22958.97, '2024-03-07 16:19:31'),
    (18, 54, 6, '2025-03-03 19:18:55', '2025-03-03 21:18:55', 'Подготовка к концерту', 'created', 9518.98, '2025-02-17 08:19:55'),
    (19, 37, 6, '2024-08-11 10:38:08', '2024-08-11 13:38:08', 'Репетиция малого состава', 'completed', 14278.47, '2024-08-01 00:35:08'),
    (20, 8, 7, '2025-02-19 23:57:41', '2025-02-20 05:57:41', 'Подготовка ансамбля', 'completed', 39847.64, '2025-01-26 22:59:41'),
    (21, 33, 16, '2025-12-26 17:34:45', '2025-12-26 18:34:45', 'Подготовка к концерту', 'cancelled', 3269.69, '2025-11-29 10:44:45'),
    (22, 15, 16, '2025-11-08 20:40:36', '2025-11-08 23:40:36', 'Репетиция хора', 'completed', 14739.00, '2025-10-10 20:40:36'),
    (23, 44, 5, '2024-09-17 13:38:15', '2024-09-17 16:38:15', 'Сольная репетиция', 'cancelled', 5886.39, '2024-09-02 03:04:15'),
    (24, 39, 18, '2025-10-23 08:54:12', '2025-10-23 13:54:12', 'Репетиция малого состава', 'cancelled', 6432.80, '2025-10-08 04:42:12'),
    (25, 9, 6, '2024-12-22 18:47:08', '2024-12-23 00:47:08', 'Индивидуальная репетиция', 'confirmed', 28556.94, '2024-12-13 07:36:08'),
    (26, 61, 16, '2025-03-17 08:12:32', '2025-03-17 14:12:32', 'Аранжировка материала', 'confirmed', 21563.14, '2025-02-20 05:01:32'),
    (27, 70, 16, '2025-10-04 16:12:27', '2025-10-04 20:12:27', 'Прослушивание', 'confirmed', 13589.69, '2025-09-17 11:07:27'),
    (28, 53, 6, '2024-04-19 13:11:43', '2024-04-19 17:11:43', 'Репетиция хора', 'confirmed', 19037.96, '2024-04-08 10:11:43'),
    (29, 28, 7, '2024-07-26 17:08:05', '2024-07-26 20:08:05', 'Аранжировка материала', 'completed', 22811.61, '2024-07-16 07:22:05'),
    (30, 2, 14, '2025-06-22 10:08:33', '2025-06-22 12:08:33', 'Подготовка к концерту', 'created', 4572.48, '2025-06-20 00:01:33'),
    (31, 23, 7, '2025-01-25 15:39:37', '2025-01-25 21:39:37', 'Занятие по вокалу', 'completed', 37127.31, '2024-12-31 10:55:37'),
    (32, 50, 18, '2024-10-12 19:30:53', '2024-10-13 00:30:53', 'Подготовка к концерту', 'created', 6432.80, '2024-10-04 16:22:53'),
    (33, 13, 16, '2025-04-15 19:47:32', '2025-04-15 22:47:32', 'Подготовка к концерту', 'cancelled', 10323.71, '2025-04-01 08:12:32'),
    (34, 62, 16, '2025-10-03 14:21:53', '2025-10-03 16:21:53', 'Репетиция малого состава', 'created', 6539.38, '2025-09-08 10:38:53'),
    (35, 47, 16, '2025-02-12 12:09:14', '2025-02-12 16:09:14', 'Занятие по вокалу', 'cancelled', 13078.76, '2025-01-26 00:46:14'),
    (36, 73, 6, '2025-10-06 01:28:05', '2025-10-06 06:28:05', 'Аранжировка материала', 'confirmed', 26318.22, '2025-09-06 17:16:05'),
    (37, 41, 6, '2025-10-26 00:46:25', '2025-10-26 05:46:25', 'Запись демо', 'confirmed', 25222.86, '2025-10-10 23:03:25'),
    (38, 58, 7, '2025-11-29 12:30:43', '2025-11-29 17:30:43', 'Подготовка к концерту', 'cancelled', 32277.57, '2025-11-14 00:27:43'),
    (39, 11, 7, '2025-03-14 08:03:59', '2025-03-14 09:03:59', 'Репетиция малого состава', 'completed', 11006.59, '2025-02-24 00:20:59'),
    (40, 23, 2, '2024-07-16 23:25:34', '2024-07-17 00:25:34', 'Занятие по вокалу', 'created', 857.22, '2024-06-22 19:48:34'),
    (41, 5, 7, '2024-02-19 20:34:15', '2024-02-20 01:34:15', 'Подготовка к концерту', 'completed', 35946.43, '2024-02-17 18:35:15'),
    (42, 3, 7, '2025-08-20 14:40:41', '2025-08-20 16:40:41', 'Запись учебного проекта', 'created', 12330.02, '2025-07-26 03:54:41'),
    (43, 78, 7, '2025-11-23 15:39:45', '2025-11-23 19:39:45', 'Занятие по вокалу', 'completed', 24914.37, '2025-11-08 09:15:45'),
    (44, 54, 14, '2025-02-23 05:17:08', '2025-02-23 07:17:08', 'Подготовка ансамбля', 'completed', 4572.48, '2025-02-02 00:10:08'),
    (45, 79, 7, '2024-04-09 05:55:18', '2024-04-09 11:55:18', 'Индивидуальная репетиция', 'created', 41921.47, '2024-04-01 05:07:18'),
    (46, 79, 7, '2025-07-12 20:52:59', '2025-07-13 01:52:59', 'Занятие по специальности', 'cancelled', 34343.43, '2025-06-28 12:28:59'),
    (47, 17, 7, '2024-04-30 19:40:19', '2024-04-30 22:40:19', 'Занятие по вокалу', 'cancelled', 18558.16, '2024-04-23 07:52:19'),
    (48, 4, 14, '2025-04-22 22:59:57', '2025-04-22 23:59:57', 'Занятие по вокалу', 'confirmed', 2286.24, '2025-04-14 19:55:57'),
    (49, 47, 7, '2025-06-06 07:25:42', '2025-06-06 13:25:42', 'Подготовка к экзамену', 'cancelled', 38762.35, '2025-05-09 07:10:42'),
    (50, 5, 7, '2025-02-23 13:51:07', '2025-02-23 15:51:07', 'Подготовка ансамбля', 'created', 14359.30, '2025-01-29 01:48:07'),
    (51, 39, 7, '2025-09-25 23:21:28', '2025-09-26 05:21:28', 'Аранжировка материала', 'confirmed', 38585.60, '2025-09-06 17:45:28'),
    (52, 64, 16, '2024-07-03 08:12:40', '2024-07-03 11:12:40', 'Сольная репетиция', 'created', 15113.20, '2024-06-04 05:30:40'),
    (53, 17, 7, '2024-02-17 16:19:57', '2024-02-17 21:19:57', 'Подготовка ансамбля', 'confirmed', 33380.89, '2024-01-29 04:21:57'),
    (54, 50, 7, '2025-01-20 07:02:28', '2025-01-20 08:02:28', 'Прослушивание', 'cancelled', 9951.04, '2025-01-07 20:20:28'),
    (55, 65, 7, '2024-11-19 16:51:13', '2024-11-19 20:51:13', 'Подготовка ансамбля', 'cancelled', 30363.06, '2024-11-14 12:27:13'),
    (56, 62, 7, '2025-10-22 00:51:45', '2025-10-22 02:51:45', 'Репетиция малого состава', 'created', 12769.76, '2025-10-11 13:42:45'),
    (57, 36, 4, '2024-11-16 20:51:57', '2024-11-17 00:51:57', 'Прослушивание', 'confirmed', 5402.08, '2024-10-29 12:43:57'),
    (58, 18, 6, '2025-05-17 15:28:15', '2025-05-17 16:28:15', 'Работа с концертмейстером', 'completed', 4759.49, '2025-04-18 07:34:15'),
    (59, 8, 16, '2024-05-28 06:50:05', '2024-05-28 07:50:05', 'Аранжировка материала', 'completed', 3722.56, '2024-05-19 00:07:05'),
    (60, 48, 16, '2024-05-26 11:37:04', '2024-05-26 16:37:04', 'Запись демо', 'cancelled', 16760.20, '2024-05-02 01:02:04'),
    (61, 37, 16, '2024-09-15 22:54:16', '2024-09-16 01:54:16', 'Запись демо', 'confirmed', 10948.61, '2024-08-16 23:00:16'),
    (62, 78, 6, '2025-08-09 05:44:39', '2025-08-09 09:44:39', 'Аранжировка материала', 'created', 19037.96, '2025-07-10 06:00:39'),
    (63, 57, 7, '2024-07-05 05:27:08', '2024-07-05 10:27:08', 'Прослушивание', 'completed', 31113.22, '2024-06-23 17:09:08'),
    (64, 36, 13, '2024-08-27 21:24:29', '2024-08-28 00:24:29', 'Подготовка к концерту', 'completed', 6762.09, '2024-08-15 12:28:29'),
    (65, 36, 16, '2025-07-15 10:45:54', '2025-07-15 14:45:54', 'Запись демо', 'created', 16996.09, '2025-06-20 04:47:54'),
    (66, 26, 7, '2025-03-13 06:13:15', '2025-03-13 08:13:15', 'Репетиция хора', 'confirmed', 13583.34, '2025-02-17 04:12:15'),
    (67, 44, 7, '2025-07-13 13:59:43', '2025-07-13 17:59:43', 'Работа с концертмейстером', 'confirmed', 25323.52, '2025-07-03 11:47:43'),
    (68, 17, 7, '2024-07-10 04:44:22', '2024-07-10 08:44:22', 'Работа с концертмейстером', 'confirmed', 33174.17, '2024-06-21 18:01:22'),
    (69, 18, 16, '2025-07-16 08:05:51', '2025-07-16 14:05:51', 'Подготовка ансамбля', 'created', 19618.14, '2025-06-22 00:36:51'),
    (70, 61, 7, '2024-04-19 01:00:57', '2024-04-19 07:00:57', 'Сольная репетиция', 'completed', 37184.54, '2024-03-31 17:49:57'),
    (71, 79, 19, '2025-02-11 07:01:54', '2025-02-11 08:01:54', 'Запись учебного проекта', 'cancelled', 1378.99, '2025-01-15 05:09:54'),
    (72, 5, 1, '2024-04-17 03:01:40', '2024-04-17 09:01:40', 'Подготовка ансамбля', 'created', 15896.40, '2024-04-09 01:16:40'),
    (73, 2, 7, '2024-10-17 04:57:54', '2024-10-17 05:57:54', 'Аранжировка материала', 'created', 6711.17, '2024-09-26 18:15:54'),
    (74, 73, 14, '2024-01-13 13:15:41', '2024-01-13 14:15:41', 'Индивидуальная репетиция', 'cancelled', 2286.24, '2023-12-26 04:49:41'),
    (75, 3, 16, '2025-02-20 10:52:55', '2025-02-20 13:52:55', 'Подготовка к экзамену', 'confirmed', 13627.66, '2025-02-19 02:00:55'),
    (76, 54, 16, '2025-12-07 23:24:17', '2025-12-08 01:24:17', 'Подготовка ансамбля', 'completed', 11230.74, '2025-12-03 21:51:17'),
    (77, 18, 12, '2024-07-15 09:24:58', '2024-07-15 12:24:58', 'Занятие по вокалу', 'completed', 11183.01, '2024-07-05 20:59:58'),
    (78, 26, 7, '2025-03-15 04:24:14', '2025-03-15 06:24:14', 'Запись учебного проекта', 'completed', 21241.54, '2025-02-20 01:05:14'),
    (79, 69, 5, '2025-10-28 22:21:52', '2025-10-29 04:21:52', 'Прослушивание', 'created', 12318.37, '2025-10-03 22:16:52'),
    (80, 28, 7, '2024-02-13 22:03:29', '2024-02-14 04:03:29', 'Занятие по вокалу', 'confirmed', 41401.01, '2024-02-12 10:53:29'),
    (81, 39, 7, '2025-09-01 13:50:03', '2025-09-01 16:50:03', 'Сольная репетиция', 'completed', 20984.27, '2025-08-13 11:53:03'),
    (82, 73, 6, '2025-12-01 08:56:44', '2025-12-01 14:56:44', 'Репетиция хора', 'confirmed', 28556.94, '2025-11-01 23:26:44'),
    (83, 5, 5, '2025-12-20 06:09:05', '2025-12-20 09:09:05', 'Запись учебного проекта', 'cancelled', 5397.39, '2025-11-20 21:33:05'),
    (84, 4, 18, '2024-09-01 14:25:10', '2024-09-01 15:25:10', 'Репетиция малого состава', 'cancelled', 1286.56, '2024-08-25 05:16:10'),
    (85, 68, 16, '2025-12-22 19:29:02', '2025-12-22 20:29:02', 'Запись демо', 'confirmed', 3269.69, '2025-12-12 16:53:02'),
    (86, 44, 16, '2025-06-10 04:50:47', '2025-06-10 09:50:47', 'Подготовка к экзамену', 'cancelled', 16348.45, '2025-05-29 22:02:47'),
    (87, 11, 19, '2025-07-16 19:23:14', '2025-07-16 20:23:14', 'Индивидуальная репетиция', 'created', 1378.99, '2025-06-29 08:01:14'),
    (88, 8, 6, '2024-02-29 09:04:58', '2024-02-29 12:04:58', 'Аранжировка материала', 'cancelled', 17787.35, '2024-02-08 20:25:58'),
    (89, 30, 16, '2024-01-24 08:15:44', '2024-01-24 14:15:44', 'Подготовка к концерту', 'confirmed', 19618.14, '2024-01-14 19:47:44'),
    (90, 17, 7, '2024-10-18 22:27:59', '2024-10-19 02:27:59', 'Запись учебного проекта', 'completed', 27722.06, '2024-10-12 11:50:59'),
    (91, 28, 16, '2024-08-17 18:16:21', '2024-08-17 20:16:21', 'Репетиция хора', 'completed', 7562.30, '2024-07-25 17:11:21'),
    (92, 13, 16, '2025-05-07 16:46:08', '2025-05-07 18:46:08', 'Работа с концертмейстером', 'cancelled', 7100.07, '2025-04-13 10:26:08'),
    (93, 9, 1, '2024-08-27 18:31:18', '2024-08-27 22:31:18', 'Занятие по вокалу', 'cancelled', 8327.04, '2024-08-15 06:14:18'),
    (94, 11, 6, '2024-12-14 23:03:09', '2024-12-15 04:03:09', 'Занятие по вокалу', 'confirmed', 23797.45, '2024-11-26 14:37:09'),
    (95, 3, 7, '2024-03-13 14:50:36', '2024-03-13 19:50:36', 'Занятие по специальности', 'confirmed', 31333.14, '2024-02-22 02:30:36'),
    (96, 28, 7, '2024-10-28 13:06:27', '2024-10-28 14:06:27', 'Запись демо', 'created', 14561.99, '2024-10-04 04:09:27'),
    (97, 45, 6, '2024-10-23 01:21:33', '2024-10-23 03:21:33', 'Репетиция хора', 'created', 9518.98, '2024-10-17 21:02:33'),
    (98, 39, 4, '2024-12-03 22:57:10', '2024-12-04 01:57:10', 'Репетиция малого состава', 'created', 4051.56, '2024-11-19 18:27:10'),
    (99, 7, 7, '2024-07-10 20:46:19', '2024-07-11 02:46:19', 'Аранжировка материала', 'cancelled', 36990.06, '2024-06-19 13:08:19'),
    (100, 15, 5, '2024-08-24 23:14:12', '2024-08-25 00:14:12', 'Аранжировка материала', 'completed', 2886.71, '2024-08-11 17:21:12'),
    (101, 28, 16, '2024-12-08 06:21:00', '2024-12-08 09:21:00', 'Подготовка ансамбля', 'completed', 10052.36, '2024-11-23 19:43:00'),
    (102, 23, 10, '2025-06-24 09:11:16', '2025-06-24 11:11:16', 'Прослушивание', 'created', 2238.50, '2025-06-08 04:00:16'),
    (103, 78, 7, '2025-06-24 02:57:06', '2025-06-24 08:57:06', 'Запись демо', 'cancelled', 37746.22, '2025-06-07 17:07:06'),
    (104, 24, 7, '2025-09-02 17:36:50', '2025-09-02 21:36:50', 'Аранжировка материала', 'cancelled', 24660.04, '2025-08-21 15:37:50'),
    (105, 15, 20, '2024-05-20 02:05:10', '2024-05-20 08:05:10', 'Подготовка к экзамену', 'created', 8000.22, '2024-04-24 18:04:10'),
    (106, 36, 16, '2024-12-06 21:23:33', '2024-12-07 00:23:33', 'Занятие по специальности', 'cancelled', 15537.34, '2024-11-09 10:19:33'),
    (107, 70, 16, '2025-06-07 01:12:45', '2025-06-07 05:12:45', 'Запись демо', 'created', 19164.34, '2025-06-01 14:53:45'),
    (108, 18, 6, '2024-11-24 23:40:36', '2024-11-25 03:40:36', 'Подготовка к концерту', 'confirmed', 19037.96, '2024-11-21 16:02:36'),
    (109, 46, 7, '2025-12-18 15:12:30', '2025-12-18 21:12:30', 'Репетиция малого состава', 'confirmed', 37304.29, '2025-12-04 07:10:30'),
    (110, 78, 15, '2025-09-23 06:18:47', '2025-09-23 11:18:47', 'Занятие по вокалу', 'confirmed', 12313.80, '2025-09-02 19:20:47'),
    (111, 9, 6, '2025-05-31 14:47:31', '2025-05-31 17:47:31', 'Индивидуальная репетиция', 'cancelled', 15207.05, '2025-05-25 04:08:31'),
    (112, 44, 13, '2025-05-17 16:10:28', '2025-05-17 20:10:28', 'Прослушивание', 'created', 9016.12, '2025-04-22 10:20:28'),
    (113, 9, 5, '2024-06-21 18:24:00', '2024-06-21 23:24:00', 'Аранжировка материала', 'confirmed', 8995.65, '2024-05-28 09:49:00'),
    (114, 55, 6, '2024-10-17 22:05:39', '2024-10-18 02:05:39', 'Аранжировка материала', 'created', 20246.45, '2024-10-02 09:22:39'),
    (115, 55, 6, '2024-01-20 09:52:51', '2024-01-20 13:52:51', 'Занятие по вокалу', 'cancelled', 20487.31, '2024-01-16 05:26:51'),
    (116, 9, 18, '2024-04-20 09:01:00', '2024-04-20 12:01:00', 'Репетиция малого состава', 'cancelled', 3859.68, '2024-04-10 03:32:00'),
    (117, 16, 7, '2025-01-05 04:18:46', '2025-01-05 05:18:46', 'Подготовка к концерту', 'cancelled', 8800.69, '2024-12-20 16:34:46'),
    (118, 24, 7, '2025-09-21 14:57:37', '2025-09-21 20:57:37', 'Работа с концертмейстером', 'cancelled', 47351.78, '2025-09-17 14:03:37'),
    (119, 51, 14, '2024-05-07 23:46:56', '2024-05-08 05:46:56', 'Сольная репетиция', 'completed', 13717.44, '2024-04-29 15:35:56'),
    (120, 13, 7, '2024-12-25 05:18:49', '2024-12-25 07:18:49', 'Подготовка ансамбля', 'completed', 18561.59, '2024-11-28 22:38:49'),
    (121, 15, 14, '2024-11-03 14:11:24', '2024-11-03 15:11:24', 'Запись демо', 'cancelled', 2286.24, '2024-10-10 04:15:24'),
    (122, 35, 7, '2024-01-04 18:57:17', '2024-01-05 00:57:17', 'Репетиция малого состава', 'completed', 36990.06, '2023-12-28 15:40:17'),
    (123, 57, 16, '2025-03-24 18:32:42', '2025-03-24 19:32:42', 'Работа с концертмейстером', 'completed', 8782.23, '2025-02-26 10:21:42'),
    (124, 24, 7, '2024-07-23 02:37:18', '2024-07-23 08:37:18', 'Запись учебного проекта', 'created', 51544.81, '2024-06-24 19:04:18'),
    (125, 23, 7, '2024-11-01 05:33:02', '2024-11-01 10:33:02', 'Занятие по специальности', 'confirmed', 36517.96, '2024-10-28 00:11:02'),
    (126, 35, 6, '2025-06-07 12:36:23', '2025-06-07 18:36:23', 'Аранжировка материала', 'confirmed', 32330.23, '2025-05-12 07:38:23'),
    (127, 47, 14, '2024-08-31 14:12:19', '2024-08-31 15:12:19', 'Подготовка ансамбля', 'completed', 2286.24, '2024-08-23 10:05:19'),
    (128, 26, 6, '2024-10-29 01:28:48', '2024-10-29 05:28:48', 'Прослушивание', 'cancelled', 19037.96, '2024-10-08 22:52:48'),
    (129, 34, 7, '2025-02-21 17:28:32', '2025-02-21 23:28:32', 'Подготовка ансамбля', 'created', 36990.06, '2025-01-22 18:00:32'),
    (130, 44, 7, '2024-04-19 07:19:01', '2024-04-19 09:19:01', 'Индивидуальная репетиция', 'created', 21377.90, '2024-04-07 23:40:01'),
    (131, 71, 18, '2025-01-11 17:45:54', '2025-01-11 19:45:54', 'Сольная репетиция', 'created', 2573.12, '2025-01-04 11:10:54'),
    (132, 51, 7, '2025-01-17 06:26:05', '2025-01-17 10:26:05', 'Подготовка ансамбля', 'cancelled', 26977.85, '2024-12-24 22:55:05'),
    (133, 7, 3, '2025-08-14 11:07:25', '2025-08-14 13:07:25', 'Запись демо', 'confirmed', 2002.18, '2025-08-04 10:50:25'),
    (134, 41, 6, '2024-12-21 13:05:18', '2024-12-21 18:05:18', 'Подготовка к концерту', 'cancelled', 24903.72, '2024-11-27 00:16:18'),
    (135, 43, 6, '2024-03-30 00:57:58', '2024-03-30 03:57:58', 'Работа с концертмейстером', 'confirmed', 14278.47, '2024-03-04 16:05:58'),
    (136, 42, 16, '2025-08-13 15:30:13', '2025-08-13 21:30:13', 'Прослушивание', 'cancelled', 19618.14, '2025-07-29 07:17:13'),
    (137, 9, 16, '2025-08-06 22:05:42', '2025-08-07 00:05:42', 'Репетиция хора', 'completed', 11161.85, '2025-07-27 21:37:42'),
    (138, 25, 16, '2024-12-07 08:51:22', '2024-12-07 09:51:22', 'Запись демо', 'confirmed', 3905.43, '2024-11-11 20:36:22'),
    (139, 68, 8, '2024-09-29 16:13:57', '2024-09-29 22:13:57', 'Подготовка ансамбля', 'cancelled', 11222.76, '2024-09-09 05:46:57'),
    (140, 48, 16, '2025-09-24 05:17:45', '2025-09-24 07:17:45', 'Работа с концертмейстером', 'completed', 6673.73, '2025-08-29 04:41:45'),
    (141, 41, 9, '2024-05-11 02:46:53', '2024-05-11 05:46:53', 'Аранжировка материала', 'cancelled', 3150.63, '2024-04-17 22:28:53'),
    (142, 19, 16, '2025-11-30 12:06:38', '2025-11-30 18:06:38', 'Репетиция малого состава', 'confirmed', 19618.14, '2025-11-03 10:58:38'),
    (143, 65, 16, '2024-08-03 17:41:07', '2024-08-03 23:41:07', 'Подготовка ансамбля', 'confirmed', 19618.14, '2024-07-29 05:46:07'),
    (144, 18, 16, '2025-10-05 20:01:12', '2025-10-05 22:01:12', 'Подготовка к концерту', 'created', 9105.31, '2025-09-10 09:36:12'),
    (145, 11, 12, '2025-05-02 23:16:45', '2025-05-03 03:16:45', 'Запись учебного проекта', 'completed', 14910.68, '2025-04-19 16:12:45'),
    (146, 65, 16, '2024-11-09 05:40:57', '2024-11-09 10:40:57', 'Работа с концертмейстером', 'created', 17076.38, '2024-10-16 00:56:57'),
    (147, 35, 7, '2025-03-28 08:26:15', '2025-03-28 09:26:15', 'Подготовка к экзамену', 'created', 8734.86, '2025-02-27 19:32:15'),
    (148, 8, 19, '2025-05-08 10:17:07', '2025-05-08 16:17:07', 'Занятие по вокалу', 'completed', 8966.83, '2025-04-15 04:23:07'),
    (149, 65, 7, '2024-11-30 01:07:40', '2024-11-30 03:07:40', 'Занятие по специальности', 'confirmed', 18179.47, '2024-11-13 20:47:40'),
    (150, 21, 7, '2024-04-11 18:27:11', '2024-04-11 23:27:11', 'Работа с концертмейстером', 'completed', 30825.05, '2024-03-14 10:37:11'),
    (151, 72, 16, '2024-02-06 00:26:17', '2024-02-06 01:26:17', 'Подготовка к концерту', 'completed', 3967.02, '2024-01-15 11:33:17'),
    (152, 3, 18, '2024-05-03 01:01:34', '2024-05-03 05:01:34', 'Запись демо', 'completed', 5671.09, '2024-04-18 00:34:34'),
    (153, 79, 16, '2025-11-16 12:25:34', '2025-11-16 18:25:34', 'Репетиция хора', 'completed', 21004.64, '2025-11-06 09:30:34'),
    (154, 8, 7, '2024-03-05 08:25:48', '2024-03-05 11:25:48', 'Индивидуальная репетиция', 'created', 20877.21, '2024-02-11 22:15:48'),
    (155, 29, 7, '2025-06-27 14:31:55', '2025-06-27 16:31:55', 'Подготовка к экзамену', 'completed', 12330.02, '2025-06-13 04:26:55'),
    (156, 8, 6, '2024-03-01 20:52:59', '2024-03-01 22:52:59', 'Запись учебного проекта', 'created', 10631.04, '2024-02-11 17:19:59'),
    (157, 35, 1, '2024-09-24 04:41:10', '2024-09-24 05:41:10', 'Подготовка ансамбля', 'completed', 2081.76, '2024-08-26 21:57:10'),
    (158, 37, 6, '2024-03-10 17:15:07', '2024-03-10 23:15:07', 'Работа с концертмейстером', 'completed', 28556.94, '2024-02-13 16:09:07'),
    (159, 26, 7, '2024-10-24 14:26:14', '2024-10-24 16:26:14', 'Занятие по вокалу', 'created', 13480.32, '2024-10-03 04:17:14'),
    (160, 41, 1, '2025-05-20 05:15:18', '2025-05-20 07:15:18', 'Запись демо', 'confirmed', 9075.93, '2025-05-04 23:29:18'),
    (161, 50, 6, '2024-11-16 02:49:43', '2024-11-16 07:49:43', 'Запись демо', 'completed', 23797.45, '2024-10-24 18:54:43'),
    (162, 8, 5, '2025-08-07 18:36:12', '2025-08-07 19:36:12', 'Работа с концертмейстером', 'confirmed', 2584.97, '2025-07-19 07:12:12'),
    (163, 78, 7, '2024-04-18 22:37:25', '2024-04-19 00:37:25', 'Запись демо', 'confirmed', 12510.16, '2024-04-09 12:32:25'),
    (164, 44, 9, '2025-04-17 06:21:22', '2025-04-17 09:21:22', 'Занятие по специальности', 'created', 3150.63, '2025-03-22 19:20:22'),
    (165, 70, 16, '2024-06-08 21:47:08', '2024-06-09 02:47:08', 'Подготовка к экзамену', 'confirmed', 16906.93, '2024-05-19 13:35:08'),
    (166, 28, 13, '2025-09-01 03:07:14', '2025-09-01 05:07:14', 'Запись демо', 'completed', 4508.06, '2025-08-15 21:00:14'),
    (167, 39, 8, '2025-02-14 15:58:26', '2025-02-14 16:58:26', 'Прослушивание', 'confirmed', 1870.46, '2025-02-02 10:50:26'),
    (168, 70, 7, '2024-10-11 03:46:55', '2024-10-11 08:46:55', 'Подготовка к концерту', 'confirmed', 34736.09, '2024-09-19 00:58:55'),
    (169, 77, 16, '2024-01-14 07:06:46', '2024-01-14 12:06:46', 'Запись демо', 'confirmed', 17738.10, '2024-01-11 06:50:46'),
    (170, 5, 4, '2025-09-05 09:25:55', '2025-09-05 13:25:55', 'Подготовка к экзамену', 'created', 5402.08, '2025-08-19 04:45:55'),
    (171, 39, 7, '2025-06-29 10:41:54', '2025-06-29 14:41:54', 'Сольная репетиция', 'created', 29825.61, '2025-06-26 00:07:54'),
    (172, 48, 7, '2024-08-29 01:04:59', '2024-08-29 02:04:59', 'Подготовка ансамбля', 'confirmed', 7326.36, '2024-08-11 21:13:59'),
    (173, 41, 7, '2025-05-08 00:06:06', '2025-05-08 06:06:06', 'Репетиция хора', 'created', 38180.90, '2025-04-15 14:02:06'),
    (174, 57, 16, '2025-10-19 19:18:33', '2025-10-19 21:18:33', 'Прослушивание', 'cancelled', 10176.08, '2025-10-17 16:13:33'),
    (175, 9, 10, '2024-02-13 01:48:28', '2024-02-13 04:48:28', 'Подготовка к экзамену', 'created', 3357.75, '2024-01-21 14:06:28'),
    (176, 14, 1, '2024-04-17 10:15:47', '2024-04-17 16:15:47', 'Работа с концертмейстером', 'created', 14487.87, '2024-04-15 19:17:47'),
    (177, 40, 16, '2025-07-14 04:02:35', '2025-07-14 07:02:35', 'Подготовка к экзамену', 'cancelled', 9809.07, '2025-07-07 22:54:35'),
    (178, 64, 7, '2025-11-19 19:58:07', '2025-11-19 20:58:07', 'Репетиция малого состава', 'cancelled', 10607.60, '2025-10-25 19:37:07'),
    (179, 34, 7, '2024-07-23 13:44:12', '2024-07-23 19:44:12', 'Подготовка к концерту', 'created', 42248.06, '2024-07-04 03:40:12'),
    (180, 35, 7, '2025-01-23 09:24:19', '2025-01-23 14:24:19', 'Репетиция хора', 'confirmed', 36031.05, '2025-01-17 04:14:19');

INSERT INTO music_studio.payments (booking_id, amount, payment_date, payment_method, status) VALUES
    (2, 19840.89, '2025-06-17 12:26:47', 'transfer', 'paid'),
    (3, 18576.80, '2025-08-08 06:25:31', 'cash', 'failed'),
    (4, 29801.34, '2025-05-01 16:23:49', 'card', 'paid'),
    (5, 11441.53, '2024-01-03 15:23:01', 'cash', 'pending'),
    (6, 38112.65, '2024-11-11 04:38:03', 'cash', 'paid'),
    (7, 39866.94, '2025-09-27 23:52:36', 'card', 'failed'),
    (8, 26054.93, '2025-05-29 23:27:08', 'transfer', 'refunded'),
    (9, 19576.75, '2025-02-25 12:20:15', 'cash', 'paid'),
    (10, 16348.45, '2024-07-22 12:02:05', 'card', 'paid'),
    (11, 16249.38, '2024-08-16 06:52:15', 'cash', 'paid'),
    (12, 37525.79, '2025-03-12 01:35:45', 'card', 'refunded'),
    (13, 21775.13, '2024-11-04 02:24:04', 'card', 'refunded'),
    (14, 3966.20, '2024-03-01 08:00:55', 'cash', 'refunded'),
    (15, 24661.90, '2025-09-26 13:21:18', 'cash', 'pending'),
    (16, 4266.74, '2025-03-25 00:03:48', 'card', 'pending'),
    (17, 22958.97, '2024-03-07 18:42:31', 'transfer', 'pending'),
    (19, 14278.47, '2024-08-08 10:08:08', 'transfer', 'paid'),
    (20, 40020.43, '2025-02-17 20:18:41', 'transfer', 'paid'),
    (21, 3269.69, '2025-12-24 22:46:45', 'cash', 'refunded'),
    (22, 14739.00, '2025-11-06 19:40:36', 'card', 'paid'),
    (23, 5971.52, '2024-09-18 16:35:15', 'cash', 'refunded'),
    (24, 6432.80, '2025-10-23 16:04:12', 'cash', 'refunded'),
    (25, 28556.94, '2024-12-14 05:45:08', 'card', 'pending'),
    (26, 21563.14, '2025-02-20 11:34:32', 'card', 'pending'),
    (27, 13605.14, '2025-09-18 00:50:27', 'cash', 'pending'),
    (28, 19037.96, '2024-04-17 09:43:43', 'card', 'paid'),
    (29, 22826.77, '2024-07-25 15:15:05', 'transfer', 'paid'),
    (31, 37292.03, '2025-01-23 09:58:37', 'card', 'paid'),
    (33, 10323.71, '2025-04-02 15:49:32', 'cash', 'failed'),
    (34, 6539.38, '2025-09-09 03:31:53', 'cash', 'pending'),
    (35, 13078.76, '2025-02-12 08:45:14', 'card', 'refunded'),
    (36, 26318.22, '2025-09-07 02:26:05', 'transfer', 'pending'),
    (37, 25287.29, '2025-10-24 00:37:25', 'card', 'paid'),
    (38, 32277.57, '2025-11-29 00:09:43', 'cash', 'refunded'),
    (39, 11187.42, '2025-03-13 02:19:59', 'cash', 'paid'),
    (41, 36147.10, '2024-02-18 20:14:15', 'card', 'paid'),
    (43, 24914.37, '2025-11-21 14:26:45', 'card', 'paid'),
    (44, 4572.48, '2025-02-21 03:08:08', 'transfer', 'paid'),
    (46, 34343.43, '2025-07-11 08:26:59', 'card', 'refunded'),
    (47, 18558.16, '2024-04-23 09:17:19', 'cash', 'failed'),
    (48, 2286.24, '2025-04-20 21:59:57', 'transfer', 'pending'),
    (49, 38840.36, '2025-05-10 13:09:42', 'transfer', 'failed'),
    (51, 38585.60, '2025-09-06 18:32:28', 'card', 'paid'),
    (53, 33430.89, '2024-02-15 15:19:57', 'card', 'paid'),
    (54, 9951.04, '2025-01-09 04:41:28', 'transfer', 'failed'),
    (55, 30363.06, '2024-11-20 00:48:13', 'transfer', 'refunded'),
    (56, 12769.76, '2025-10-12 14:18:45', 'cash', 'pending'),
    (57, 5402.08, '2024-10-31 01:29:57', 'card', 'paid'),
    (58, 4875.60, '2025-04-19 06:04:15', 'transfer', 'paid'),
    (59, 3766.02, '2024-05-26 06:25:05', 'cash', 'paid'),
    (60, 16760.20, '2024-05-02 15:30:04', 'transfer', 'failed'),
    (61, 10948.61, '2024-08-17 08:44:16', 'cash', 'pending'),
    (63, 31113.22, '2024-07-02 03:37:08', 'transfer', 'paid'),
    (64, 6838.79, '2024-08-24 17:41:29', 'cash', 'paid'),
    (66, 13583.34, '2025-02-17 09:44:15', 'transfer', 'paid'),
    (67, 25323.52, '2025-07-04 19:07:43', 'cash', 'paid'),
    (68, 33174.17, '2024-06-23 02:04:22', 'card', 'paid'),
    (70, 37281.20, '2024-04-16 22:36:57', 'card', 'paid'),
    (71, 1378.99, '2025-02-11 06:23:54', 'card', 'refunded'),
    (74, 2286.24, '2024-01-14 01:20:41', 'transfer', 'refunded'),
    (75, 13627.66, '2025-02-19 16:47:55', 'card', 'pending'),
    (76, 11433.62, '2025-12-04 19:38:17', 'cash', 'paid'),
    (77, 11226.51, '2024-07-14 08:11:58', 'card', 'paid'),
    (78, 21241.54, '2025-02-21 10:26:14', 'card', 'paid'),
    (80, 41401.01, '2024-02-14 11:17:29', 'card', 'paid'),
    (81, 20984.27, '2025-08-30 10:39:03', 'card', 'paid'),
    (82, 28556.94, '2025-11-04 00:24:44', 'transfer', 'paid'),
    (83, 5397.39, '2025-11-21 09:26:05', 'card', 'failed'),
    (84, 1286.56, '2024-08-31 22:27:10', 'transfer', 'refunded'),
    (85, 3352.17, '2025-12-13 11:12:02', 'card', 'pending'),
    (86, 16348.45, '2025-06-09 11:04:47', 'cash', 'refunded'),
    (88, 17787.35, '2024-02-29 19:20:58', 'transfer', 'refunded'),
    (89, 19618.14, '2024-01-15 16:40:44', 'card', 'pending'),
    (90, 27722.06, '2024-10-16 21:27:59', 'card', 'paid'),
    (91, 7562.30, '2024-08-14 15:50:21', 'card', 'paid'),
    (92, 7100.07, '2025-05-06 08:47:08', 'cash', 'refunded'),
    (93, 8327.04, '2024-08-28 02:35:18', 'transfer', 'refunded'),
    (94, 23797.45, '2024-12-12 18:36:09', 'cash', 'paid'),
    (95, 31397.80, '2024-02-23 09:14:36', 'transfer', 'paid'),
    (96, 14661.56, '2024-10-05 03:45:27', 'cash', 'pending'),
    (99, 36990.06, '2024-07-10 08:23:19', 'card', 'refunded'),
    (100, 2886.71, '2024-08-21 21:52:12', 'cash', 'paid'),
    (101, 10052.36, '2024-12-06 00:23:00', 'cash', 'paid'),
    (103, 37755.85, '2025-06-08 11:40:06', 'transfer', 'failed'),
    (104, 24660.04, '2025-09-04 02:48:50', 'card', 'refunded'),
    (105, 8054.20, '2024-04-24 21:42:10', 'transfer', 'pending'),
    (106, 15537.34, '2024-11-10 20:39:33', 'card', 'failed'),
    (108, 19246.40, '2024-11-22 11:19:36', 'cash', 'paid'),
    (109, 37304.29, '2025-12-05 05:33:30', 'cash', 'pending'),
    (110, 12313.80, '2025-09-03 18:12:47', 'cash', 'pending'),
    (111, 15207.05, '2025-05-25 12:41:31', 'card', 'failed'),
    (113, 8995.65, '2024-05-29 17:15:00', 'card', 'pending'),
    (114, 20246.45, '2024-10-02 14:28:39', 'transfer', 'pending'),
    (115, 20487.31, '2024-01-19 01:45:51', 'card', 'refunded'),
    (116, 3859.68, '2024-04-19 19:55:00', 'transfer', 'refunded'),
    (117, 8800.69, '2025-01-03 12:44:46', 'card', 'refunded'),
    (118, 47351.78, '2025-09-21 23:49:37', 'card', 'refunded'),
    (119, 13717.44, '2024-05-05 21:02:56', 'cash', 'paid'),
    (120, 18561.59, '2024-11-30 13:11:49', 'transfer', 'paid'),
    (121, 2286.24, '2024-11-03 02:56:24', 'transfer', 'refunded'),
    (122, 36990.06, '2023-12-28 22:54:17', 'transfer', 'paid'),
    (123, 8782.23, '2025-02-28 06:35:42', 'card', 'paid'),
    (125, 36517.96, '2024-10-28 06:19:02', 'cash', 'pending'),
    (126, 32442.18, '2025-05-12 14:42:23', 'transfer', 'paid'),
    (127, 2286.24, '2024-08-29 14:00:19', 'transfer', 'paid'),
    (128, 19037.96, '2024-10-28 11:05:48', 'transfer', 'refunded'),
    (130, 21377.90, '2024-04-08 03:38:01', 'cash', 'pending'),
    (132, 26977.85, '2024-12-25 03:14:05', 'card', 'failed'),
    (133, 2002.18, '2025-08-04 18:48:25', 'cash', 'paid'),
    (134, 24903.72, '2024-11-27 12:27:18', 'card', 'failed'),
    (135, 14278.47, '2024-03-04 16:10:58', 'card', 'pending'),
    (136, 19618.14, '2025-07-30 00:54:13', 'transfer', 'failed'),
    (137, 11161.85, '2025-08-03 16:26:42', 'card', 'paid'),
    (138, 3905.43, '2024-11-13 08:40:22', 'card', 'pending'),
    (139, 11222.76, '2024-09-27 17:46:57', 'cash', 'refunded'),
    (140, 6673.73, '2025-09-22 03:20:45', 'card', 'paid'),
    (141, 3150.63, '2024-04-17 23:14:53', 'transfer', 'failed'),
    (142, 19618.14, '2025-11-27 06:36:38', 'transfer', 'paid'),
    (143, 19618.14, '2024-08-01 12:35:07', 'cash', 'paid'),
    (145, 14910.68, '2025-04-30 20:03:45', 'cash', 'paid'),
    (146, 17076.38, '2024-10-16 14:03:57', 'card', 'pending'),
    (148, 9052.26, '2025-05-05 08:46:07', 'card', 'paid'),
    (149, 18358.61, '2024-11-29 00:47:40', 'card', 'paid'),
    (150, 30825.05, '2024-04-09 13:40:11', 'transfer', 'paid'),
    (151, 3967.02, '2024-01-16 15:47:17', 'cash', 'paid'),
    (152, 5671.09, '2024-04-30 23:07:34', 'card', 'paid'),
    (153, 21004.64, '2025-11-07 16:13:34', 'card', 'paid'),
    (155, 12330.02, '2025-06-24 10:48:55', 'card', 'paid'),
    (157, 2081.76, '2024-09-20 23:36:10', 'cash', 'paid'),
    (158, 28556.94, '2024-03-07 13:09:07', 'card', 'paid'),
    (160, 9075.93, '2025-05-18 04:15:18', 'cash', 'pending'),
    (161, 24021.63, '2024-11-14 01:28:43', 'transfer', 'paid'),
    (162, 2584.97, '2025-07-19 19:19:12', 'card', 'pending'),
    (163, 12585.16, '2024-04-16 21:37:25', 'transfer', 'paid'),
    (165, 16906.93, '2024-06-06 18:59:08', 'cash', 'paid'),
    (166, 4657.72, '2025-08-28 23:45:14', 'card', 'paid'),
    (167, 1870.46, '2025-02-03 06:15:26', 'transfer', 'pending'),
    (168, 34789.67, '2024-09-19 10:47:55', 'cash', 'pending'),
    (169, 17738.10, '2024-01-11 14:06:46', 'card', 'pending'),
    (170, 5402.08, '2025-08-19 12:25:55', 'transfer', 'pending'),
    (171, 29842.74, '2025-06-26 23:10:54', 'card', 'pending'),
    (172, 7455.91, '2024-08-11 21:24:59', 'card', 'pending'),
    (174, 10176.08, '2025-10-18 16:27:33', 'card', 'refunded'),
    (177, 9809.07, '2025-07-08 05:42:35', 'transfer', 'failed'),
    (178, 10607.60, '2025-10-27 05:26:07', 'card', 'failed'),
    (180, 36031.05, '2025-01-21 03:53:19', 'card', 'paid');

INSERT INTO music_studio.booking_equipment (booking_id, equipment_id, unit_price) VALUES
    (2.00, 43.00, 109.47),
    (2.00, 86.00, 113.28),
    (3.00, 12.00, 1298.03),
    (3.00, 17.00, 930.32),
    (4.00, 22.00, 1024.59),
    (6.00, 63.00, 1122.59),
    (7.00, 3.00, 981.78),
    (7.00, 53.00, 1895.10),
    (8.00, 42.00, 230.05),
    (8.00, 63.00, 1064.91),
    (9.00, 47.00, 770.30),
    (9.00, 54.00, 124.84),
    (11.00, 33.00, 1970.91),
    (12.00, 2.00, 86.00),
    (12.00, 36.00, 176.67),
    (12.00, 70.00, 273.06),
    (13.00, 18.00, 1014.65),
    (13.00, 66.00, 1809.56),
    (13.00, 73.00, 455.89),
    (15.00, 22.00, 800.35),
    (17.00, 33.00, 3921.01),
    (20.00, 7.00, 131.47),
    (20.00, 62.00, 2726.11),
    (22.00, 12.00, 1233.35),
    (22.00, 61.00, 3458.69),
    (22.00, 86.00, 237.89),
    (23.00, 59.00, 489.00),
    (26.00, 14.00, 226.56),
    (26.00, 27.00, 1718.44),
    (27.00, 81.00, 343.86),
    (27.00, 86.00, 167.07),
    (29.00, 3.00, 1100.40),
    (29.00, 20.00, 210.56),
    (29.00, 24.00, 106.57),
    (29.00, 54.00, 52.97),
    (29.00, 66.00, 2846.08),
    (31.00, 70.00, 137.25),
    (33.00, 17.00, 514.64),
    (36.00, 33.00, 1879.51),
    (36.00, 84.00, 641.26),
    (37.00, 84.00, 1425.41),
    (38.00, 18.00, 1452.52),
    (39.00, 36.00, 113.60),
    (39.00, 39.00, 4727.98),
    (41.00, 38.00, 124.93),
    (41.00, 66.00, 4996.45),
    (43.00, 2.00, 139.82),
    (43.00, 70.00, 114.51),
    (45.00, 6.00, 234.84),
    (45.00, 20.00, 293.47),
    (45.00, 51.00, 4403.10),
    (46.00, 62.00, 2884.64),
    (46.00, 63.00, 633.74),
    (47.00, 7.00, 63.13),
    (49.00, 6.00, 174.26),
    (49.00, 18.00, 606.41),
    (49.00, 63.00, 991.62),
    (50.00, 2.00, 108.81),
    (50.00, 6.00, 145.70),
    (50.00, 20.00, 155.62),
    (50.00, 31.00, 1619.15),
    (51.00, 66.00, 1595.54),
    (52.00, 27.00, 4641.35),
    (52.00, 50.00, 662.78),
    (53.00, 3.00, 1124.46),
    (53.00, 6.00, 275.90),
    (53.00, 30.00, 1155.48),
    (54.00, 2.00, 94.72),
    (54.00, 3.00, 436.60),
    (54.00, 24.00, 285.82),
    (54.00, 31.00, 2502.99),
    (54.00, 36.00, 245.18),
    (54.00, 70.00, 220.72),
    (55.00, 3.00, 609.89),
    (55.00, 39.00, 4862.03),
    (55.00, 42.00, 231.10),
    (56.00, 42.00, 206.63),
    (56.00, 54.00, 233.11),
    (59.00, 50.00, 452.87),
    (60.00, 12.00, 411.75),
    (61.00, 17.00, 1139.54),
    (63.00, 20.00, 115.31),
    (63.00, 42.00, 172.86),
    (65.00, 17.00, 1394.70),
    (65.00, 29.00, 2228.83),
    (65.00, 86.00, 293.80),
    (66.00, 54.00, 78.96),
    (66.00, 63.00, 1012.57),
    (66.00, 70.00, 161.79),
    (67.00, 47.00, 586.29),
    (67.00, 70.00, 77.19),
    (68.00, 2.00, 281.36),
    (68.00, 30.00, 1135.00),
    (68.00, 42.00, 137.41),
    (68.00, 53.00, 2332.82),
    (68.00, 62.00, 4627.54),
    (70.00, 2.00, 194.48),
    (72.00, 11.00, 3405.84),
    (73.00, 20.00, 102.71),
    (73.00, 36.00, 243.42),
    (73.00, 70.00, 200.03),
    (75.00, 12.00, 1353.34),
    (75.00, 29.00, 2290.09),
    (75.00, 86.00, 175.16),
    (76.00, 29.00, 3432.18),
    (76.00, 43.00, 185.88),
    (76.00, 81.00, 1073.30),
    (78.00, 7.00, 234.37),
    (78.00, 51.00, 4747.26),
    (78.00, 62.00, 2554.78),
    (78.00, 63.00, 1375.11),
    (79.00, 1.00, 427.11),
    (79.00, 88.00, 1096.48),
    (80.00, 20.00, 120.56),
    (80.00, 53.00, 4290.39),
    (81.00, 18.00, 906.72),
    (81.00, 30.00, 1032.36),
    (81.00, 38.00, 266.69),
    (81.00, 70.00, 283.47),
    (88.00, 33.00, 3508.88),
    (90.00, 3.00, 924.78),
    (90.00, 6.00, 135.71),
    (90.00, 39.00, 2001.53),
    (91.00, 12.00, 862.64),
    (91.00, 86.00, 160.28),
    (92.00, 12.00, 456.09),
    (92.00, 43.00, 104.60),
    (95.00, 73.00, 508.09),
    (96.00, 3.00, 1055.16),
    (96.00, 39.00, 1883.94),
    (96.00, 51.00, 4122.67),
    (96.00, 73.00, 1335.21),
    (100.00, 1.00, 1087.58),
    (101.00, 43.00, 243.29),
    (103.00, 6.00, 133.32),
    (103.00, 24.00, 270.64),
    (103.00, 42.00, 188.77),
    (103.00, 54.00, 163.43),
    (106.00, 12.00, 1127.94),
    (106.00, 17.00, 985.64),
    (106.00, 21.00, 144.67),
    (106.00, 61.00, 3318.97),
    (106.00, 86.00, 151.05),
    (107.00, 12.00, 1298.45),
    (107.00, 14.00, 284.63),
    (107.00, 27.00, 4502.50),
    (109.00, 24.00, 62.23),
    (109.00, 54.00, 252.00),
    (111.00, 22.00, 928.58),
    (114.00, 22.00, 1208.49),
    (115.00, 84.00, 1449.35),
    (117.00, 3.00, 408.64),
    (117.00, 36.00, 183.19),
    (117.00, 53.00, 2043.85),
    (118.00, 6.00, 209.70),
    (118.00, 20.00, 274.00),
    (118.00, 24.00, 287.62),
    (118.00, 31.00, 2672.39),
    (118.00, 36.00, 55.62),
    (118.00, 53.00, 3359.40),
    (118.00, 66.00, 3502.99),
    (120.00, 38.00, 163.32),
    (120.00, 62.00, 1774.91),
    (120.00, 66.00, 4293.34),
    (123.00, 27.00, 2267.96),
    (123.00, 29.00, 3161.06),
    (123.00, 43.00, 83.52),
    (124.00, 18.00, 771.68),
    (124.00, 20.00, 123.64),
    (124.00, 24.00, 128.32),
    (124.00, 36.00, 132.30),
    (124.00, 39.00, 4044.40),
    (124.00, 53.00, 4245.10),
    (124.00, 54.00, 204.08),
    (124.00, 62.00, 3681.37),
    (124.00, 63.00, 1223.86),
    (125.00, 7.00, 195.07),
    (125.00, 38.00, 227.46),
    (125.00, 47.00, 1050.26),
    (125.00, 63.00, 516.97),
    (125.00, 66.00, 3703.15),
    (126.00, 22.00, 757.88),
    (126.00, 33.00, 2578.22),
    (126.00, 84.00, 437.19),
    (130.00, 31.00, 3127.28),
    (130.00, 38.00, 188.79),
    (130.00, 47.00, 365.19),
    (130.00, 51.00, 2510.73),
    (130.00, 62.00, 2855.89),
    (132.00, 62.00, 2317.81),
    (134.00, 84.00, 1106.27),
    (137.00, 61.00, 4622.47),
    (138.00, 12.00, 527.82),
    (138.00, 44.00, 107.92),
    (140.00, 44.00, 134.35),
    (144.00, 61.00, 2565.93),
    (146.00, 23.00, 501.01),
    (146.00, 44.00, 88.52),
    (146.00, 86.00, 138.40),
    (147.00, 20.00, 160.14),
    (147.00, 24.00, 52.82),
    (147.00, 66.00, 2356.89),
    (148.00, 52.00, 692.89),
    (149.00, 20.00, 127.01),
    (149.00, 47.00, 1311.97),
    (149.00, 62.00, 4134.66),
    (149.00, 70.00, 275.81),
    (151.00, 23.00, 697.33),
    (152.00, 83.00, 524.85),
    (153.00, 21.00, 228.03),
    (153.00, 23.00, 930.47),
    (153.00, 43.00, 228.00),
    (154.00, 31.00, 2382.18),
    (156.00, 84.00, 1112.06),
    (159.00, 30.00, 1150.30),
    (160.00, 11.00, 4912.41),
    (162.00, 88.00, 785.84),
    (163.00, 7.00, 180.14),
    (165.00, 12.00, 301.01),
    (165.00, 43.00, 257.47),
    (168.00, 6.00, 195.68),
    (168.00, 20.00, 229.59),
    (168.00, 24.00, 214.79),
    (168.00, 53.00, 3270.98),
    (169.00, 23.00, 1223.23),
    (169.00, 86.00, 166.42),
    (171.00, 47.00, 485.12),
    (171.00, 51.00, 4534.95),
    (171.00, 54.00, 145.50),
    (172.00, 47.00, 1161.35),
    (173.00, 30.00, 1190.84),
    (174.00, 29.00, 3636.70),
    (176.00, 11.00, 1997.31),
    (178.00, 31.00, 4442.59),
    (179.00, 2.00, 79.55),
    (179.00, 24.00, 66.53),
    (179.00, 38.00, 156.76),
    (179.00, 62.00, 4955.16),
    (180.00, 18.00, 461.13),
    (180.00, 39.00, 4744.87);

INSERT INTO music_studio.equipment_maintenance (maintenance_id, responsible_user_id, equipment_id, maintenance_date, maintenance_type, maintenance_cost, description) VALUES
    (1, 19, 5, '2025-04-22', 'Мелкий ремонт', 14723.08, 'Проведена диагностика, выполнена проверка работоспособности узлов'),
    (2, 33, 5, '2024-10-30', 'Настройка', 7398.43, 'Проведены работы по устранению посторонних шумов и дребезга'),
    (3, 33, 13, '2023-02-21', 'Чистка', 10374.66, NULL),
    (4, 47, 13, '2023-09-12', 'Регулировка механики', 8207.72, 'Проведены работы по устранению посторонних шумов и дребезга'),
    (5, 69, 16, '2025-06-02', 'Восстановление контактов', 9237.52, 'Оборудование подготовлено к дальнейшей эксплуатации'),
    (6, 65, 16, '2025-05-23', 'Чистка', 9514.98, 'Оборудование подготовлено к дальнейшей эксплуатации'),
    (7, 12, 28, '2025-08-16', 'Восстановление контактов', 6867.54, NULL),
    (8, 56, 28, '2023-04-06', 'Плановое обслуживание', 10955.97, 'Проверены подключения и обновлены расходные материалы'),
    (9, 48, 35, '2023-02-11', 'Восстановление контактов', 6669.61, 'Проверены подключения и обновлены расходные материалы'),
    (10, 68, 35, '2024-10-01', 'Мелкий ремонт', 1770.93, 'Проведена профилактика перед учебным семестром'),
    (11, 71, 40, '2023-05-12', 'Настройка', 15745.77, 'Заменены изношенные элементы, работоспособность восстановлена'),
    (12, 21, 40, '2025-04-16', 'Мелкий ремонт', 1442.90, 'Проведены работы по устранению посторонних шумов и дребезга'),
    (13, 43, 45, '2024-02-19', 'Плановое обслуживание', 12770.49, 'Проверены подключения и обновлены расходные материалы'),
    (14, 12, 45, '2025-06-05', 'Калибровка', 6345.65, 'Оборудование подготовлено к дальнейшей эксплуатации'),
    (15, 63, 49, '2024-06-05', 'Регулировка механики', 9447.62, 'Проверены подключения и обновлены расходные материалы'),
    (16, 43, 49, '2025-08-13', 'Замена кабеля', 7049.35, 'Оборудование подготовлено к дальнейшей эксплуатации'),
    (17, 56, 57, '2025-04-12', 'Диагностика', 5742.52, 'Проведены работы по устранению посторонних шумов и дребезга'),
    (18, 65, 57, '2025-08-28', 'Настройка', 13144.56, 'Проверены подключения и обновлены расходные материалы'),
    (19, 42, 64, '2025-04-04', 'Регулировка механики', 8146.22, 'Выполнена чистка и базовая настройка оборудования'),
    (20, 47, 64, '2025-02-22', 'Замена кабеля', 8246.06, 'Проведена профилактика перед учебным семестром'),
    (21, 12, 69, '2025-08-28', 'Замена расходников', 8595.53, 'Заменены изношенные элементы, работоспособность восстановлена'),
    (22, 21, 69, '2025-09-02', 'Замена расходников', 15638.61, 'Проведена профилактика перед учебным семестром'),
    (23, 64, 72, '2024-02-21', 'Восстановление контактов', 9962.77, 'Проведены работы по устранению посторонних шумов и дребезга'),
    (24, 42, 72, '2025-08-31', 'Плановое обслуживание', 9783.04, 'Заменены изношенные элементы, работоспособность восстановлена'),
    (25, 69, 72, '2023-08-22', 'Восстановление контактов', 13967.12, NULL),
    (26, 55, 75, '2025-09-11', 'Диагностика', 15350.63, 'Выполнена регулировка и тестирование после жалобы пользователей'),
    (27, 33, 75, '2024-02-03', 'Восстановление контактов', 11141.20, 'Выполнена чистка и базовая настройка оборудования'),
    (28, 24, 79, '2024-01-17', 'Замена кабеля', 8783.55, 'Проведены работы по устранению посторонних шумов и дребезга'),
    (29, 47, 79, '2025-10-01', 'Плановое обслуживание', 4274.24, 'Проведена диагностика, выполнена проверка работоспособности узлов'),
    (30, 24, 90, '2025-10-20', 'Замена расходников', 3826.95, NULL),
    (31, 69, 90, '2023-01-31', 'Плановое обслуживание', 15584.84, 'Выполнена регулировка и тестирование после жалобы пользователей'),
    (32, 33, 10, '2024-07-18', 'Восстановление контактов', 13559.70, 'Заменены изношенные элементы, работоспособность восстановлена'),
    (33, 69, 10, '2023-06-23', 'Проверка акустики', 15008.23, NULL),
    (34, 48, 15, '2025-03-26', 'Замена кабеля', 10533.28, 'Выполнена чистка и базовая настройка оборудования'),
    (35, 55, 19, '2024-05-26', 'Проверка акустики', 15060.04, 'Проведена профилактика перед учебным семестром'),
    (36, 47, 19, '2023-12-05', 'Чистка', 3208.10, 'Выполнена регулировка и тестирование после жалобы пользователей'),
    (37, 12, 37, '2025-07-04', 'Плановое обслуживание', 10418.74, 'Выполнена чистка и базовая настройка оборудования'),
    (38, 47, 41, '2025-01-07', 'Восстановление контактов', 5831.32, 'Заменены изношенные элементы, работоспособность восстановлена'),
    (39, 73, 46, '2024-04-23', 'Плановое обслуживание', 13333.47, NULL),
    (40, 47, 48, '2025-12-08', 'Восстановление контактов', 5705.91, 'Выполнена регулировка и тестирование после жалобы пользователей'),
    (41, 69, 56, '2025-11-30', 'Настройка', 11256.32, 'Оборудование подготовлено к дальнейшей эксплуатации'),
    (42, 19, 56, '2023-01-13', 'Калибровка', 18637.14, NULL),
    (43, 69, 58, '2024-04-07', 'Диагностика', 17357.03, 'Оборудование подготовлено к дальнейшей эксплуатации'),
    (44, 33, 68, '2023-02-22', 'Замена кабеля', 17489.16, 'Оборудование подготовлено к дальнейшей эксплуатации'),
    (45, 65, 68, '2024-10-03', 'Мелкий ремонт', 14686.86, NULL),
    (46, 33, 76, '2025-12-21', 'Замена кабеля', 10719.09, 'Проверены подключения и обновлены расходные материалы'),
    (47, 63, 76, '2025-12-15', 'Плановое обслуживание', 15525.14, 'Заменены изношенные элементы, работоспособность восстановлена'),
    (48, 19, 80, '2023-01-05', 'Калибровка', 4961.42, 'Выполнена чистка и базовая настройка оборудования'),
    (49, 69, 80, '2023-09-03', 'Диагностика', 10907.68, NULL),
    (50, 12, 82, '2025-07-11', 'Восстановление контактов', 8913.94, NULL),
    (51, 56, 82, '2025-01-13', 'Чистка', 6100.78, 'Проверены подключения и обновлены расходные материалы'),
    (52, 56, 85, '2023-05-12', 'Калибровка', 8110.87, 'Проведены работы по устранению посторонних шумов и дребезга'),
    (53, 45, 85, '2023-12-15', 'Плановое обслуживание', 19024.45, NULL),
    (54, 68, 89, '2023-05-19', 'Регулировка механики', 4927.40, 'Заменены изношенные элементы, работоспособность восстановлена'),
    (55, 47, 89, '2024-09-14', 'Проверка акустики', 9263.38, 'Выполнена чистка и базовая настройка оборудования'),
    (56, 43, 31, '2025-05-31', 'Настройка', 366.56, 'Оборудование подготовлено к дальнейшей эксплуатации'),
    (57, 73, 77, '2023-07-04', 'Диагностика', 8620.05, 'Выполнена регулировка и тестирование после жалобы пользователей'),
    (58, 73, 25, '2024-08-16', 'Чистка', 5289.44, 'Проведена профилактика перед учебным семестром'),
    (59, 33, 77, '2025-11-17', 'Диагностика', 5136.31, 'Заменены изношенные элементы, работоспособность восстановлена'),
    (60, 43, 2, '2024-02-11', 'Диагностика', 7488.63, NULL),
    (61, 48, 31, '2025-11-28', 'Восстановление контактов', 5606.34, 'Заменены изношенные элементы, работоспособность восстановлена'),
    (62, 56, 83, '2025-12-12', 'Калибровка', 8304.86, NULL),
    (63, 47, 65, '2025-07-16', 'Замена кабеля', 1062.06, 'Проведена диагностика, выполнена проверка работоспособности узлов'),
    (64, 69, 29, '2025-01-01', 'Мелкий ремонт', 11961.53, NULL),
    (65, 43, 74, '2023-01-09', 'Замена кабеля', 6153.60, 'Проведены работы по устранению посторонних шумов и дребезга'),
    (66, 73, 61, '2023-07-25', 'Замена расходников', 685.27, 'Заменены изношенные элементы, работоспособность восстановлена'),
    (67, 73, 44, '2024-06-10', 'Регулировка механики', 1756.65, 'Проведены работы по устранению посторонних шумов и дребезга'),
    (68, 19, 12, '2023-07-01', 'Мелкий ремонт', 721.11, 'Выполнена регулировка и тестирование после жалобы пользователей'),
    (69, 69, 67, '2024-10-30', 'Замена кабеля', 10852.95, 'Выполнена регулировка и тестирование после жалобы пользователей'),
    (70, 55, 47, '2024-11-07', 'Чистка', 3923.41, NULL),
    (71, 24, 70, '2025-05-13', 'Восстановление контактов', 7712.50, 'Проведена профилактика перед учебным семестром'),
    (72, 47, 12, '2023-12-24', 'Чистка', 623.17, 'Оборудование подготовлено к дальнейшей эксплуатации'),
    (73, 69, 36, '2025-02-07', 'Плановое обслуживание', 5409.93, NULL),
    (74, 69, 51, '2024-12-12', 'Регулировка механики', 1527.39, NULL),
    (75, 73, 12, '2024-06-27', 'Настройка', 2604.06, 'Заменены изношенные элементы, работоспособность восстановлена'),
    (76, 6, 67, '2024-02-28', 'Проверка акустики', 10712.56, 'Проведена диагностика, выполнена проверка работоспособности узлов'),
    (77, 45, 47, '2023-10-08', 'Калибровка', 11060.88, 'Оборудование подготовлено к дальнейшей эксплуатации'),
    (78, 65, 62, '2024-05-25', 'Плановое обслуживание', 3554.52, NULL),
    (79, 21, 9, '2024-08-03', 'Проверка акустики', 11163.95, 'Проверены подключения и обновлены расходные материалы'),
    (80, 24, 12, '2023-05-06', 'Регулировка механики', 10002.25, 'Оборудование подготовлено к дальнейшей эксплуатации');

INSERT INTO music_studio.reviews (review_id, studio_id, user_id, comment, created_at, studio_rating) VALUES
    (1, 13, 28, NULL, '2025-09-07 21:07:14', 7),
    (2, 6, 50, 'Хорошая изоляция, посторонний шум почти не мешал', '2024-11-22 06:35:43', 9),
    (3, 14, 54, 'Удобно для занятий с концертмейстером', '2025-02-27 02:37:08', 9),
    (4, 1, 35, 'Репетиция прошла без накладок', '2024-09-27 12:57:10', 6),
    (5, 6, 37, 'Хорошая изоляция, посторонний шум почти не мешал', '2024-08-13 05:02:08', 9),
    (6, 16, 15, 'Хорошая изоляция, посторонний шум почти не мешал', '2025-11-12 02:40:36', 8),
    (7, 7, 17, 'Хотелось бы чуть лучшее проветривание, но в целом хорошо', '2024-10-24 03:39:59', 7),
    (8, 13, 36, 'Хороший класс для индивидуальной работы', '2024-09-03 07:51:29', 9),
    (9, 13, 28, 'Для занятия по вокалу помещение подошло хорошо', '2025-09-01 12:39:14', 7),
    (10, 7, 23, 'Хороший класс для индивидуальной работы', '2025-02-01 09:20:37', 8),
    (11, 6, 37, 'Для занятия по вокалу помещение подошло хорошо', '2024-03-12 20:23:07', 8),
    (12, 7, 21, 'Небольшая аудитория, но для задачи подходит', '2024-04-16 19:30:11', 8),
    (13, 7, 8, 'Есть всё необходимое для репетиции', '2025-02-21 10:26:41', 8),
    (14, 7, 17, NULL, '2024-10-20 18:16:59', 7),
    (15, 16, 9, 'После небольшой настройки работать стало удобно', '2025-08-13 13:30:42', 5),
    (16, 7, 26, 'Оборудование в целом в рабочем состоянии', '2025-03-20 03:03:14', 9),
    (17, 14, 54, 'Хороший класс для индивидуальной работы', '2025-02-28 14:55:08', 7),
    (18, 16, 72, 'Бронировали для подготовки к концерту, всё прошло удачно', '2024-02-09 03:33:17', 5),
    (19, 14, 51, 'Репетиция прошла без накладок', '2024-05-13 03:38:56', 10),
    (20, 12, 18, 'Понравилось расположение и освещение', '2024-07-16 22:24:58', 6),
    (21, 6, 46, 'Удобно для занятий с концертмейстером', '2025-05-10 12:01:49', 8),
    (22, 7, 78, 'Зал оказался удобным для ансамбля', '2025-11-30 17:08:45', 6),
    (23, 7, 11, 'Для занятия по вокалу помещение подошло хорошо', '2025-03-19 07:34:59', 7),
    (24, 7, 78, 'Зал оказался удобным для ансамбля', '2025-11-27 01:39:45', 7),
    (25, 13, 28, 'Удобно для занятий с концертмейстером', '2025-09-05 07:07:14', 8),
    (26, 7, 61, 'Хотелось бы чуть лучшее проветривание, но в целом хорошо', '2024-04-23 16:31:57', 8),
    (27, 6, 18, 'Есть всё необходимое для репетиции', '2025-05-19 03:55:15', 8),
    (28, 7, 13, 'Хороший класс для индивидуальной работы', '2024-12-28 16:57:49', 9),
    (29, 6, 46, NULL, '2025-05-10 00:04:49', 7),
    (30, 6, 18, 'После небольшой настройки работать стало удобно', '2025-05-20 18:28:15', 8),
    (31, 5, 15, 'Оборудование в целом в рабочем состоянии', '2024-08-31 22:01:12', 7),
    (32, 6, 50, 'Оборудование в целом в рабочем состоянии', '2024-11-22 04:36:43', 6),
    (33, 7, 78, 'Хотелось бы чуть лучшее проветривание, но в целом хорошо', '2025-11-28 11:45:45', 9),
    (34, 12, 18, NULL, '2024-07-20 03:27:58', 10),
    (35, 7, 17, NULL, '2024-10-25 16:22:59', 9),
    (36, 6, 44, 'Хотелось бы чуть лучшее проветривание, но в целом хорошо', '2024-08-20 20:35:15', 6),
    (37, 7, 57, NULL, '2024-07-09 14:27:08', 9),
    (38, 19, 8, NULL, '2025-05-10 16:16:07', 9),
    (39, 7, 8, NULL, '2025-02-21 19:29:41', 6),
    (40, 16, 28, 'Зал оказался удобным для ансамбля', '2024-08-21 21:01:21', 7),
    (41, 7, 23, NULL, '2025-02-01 20:47:37', 6),
    (42, 7, 13, 'Оборудование в целом в рабочем состоянии', '2025-01-01 01:09:49', 7),
    (43, 6, 37, 'Для занятия по вокалу помещение подошло хорошо', '2024-03-17 01:03:07', 7),
    (44, 7, 23, 'Бронировали для подготовки к концерту, всё прошло удачно', '2025-01-27 14:30:37', 7),
    (45, 7, 21, NULL, '2024-04-15 02:36:11', 9),
    (46, 6, 44, NULL, '2024-08-22 14:21:15', 10),
    (47, 16, 54, 'Чисто и комфортно, заниматься было приятно', '2025-12-13 06:23:17', 8),
    (48, 13, 28, 'После небольшой настройки работать стало удобно', '2025-09-05 10:03:14', 8),
    (49, 7, 26, NULL, '2025-03-21 08:41:14', 9),
    (50, 14, 51, 'Бронировали для подготовки к концерту, всё прошло удачно', '2024-05-11 01:42:56', 8),
    (51, 7, 17, 'Хорошая изоляция, посторонний шум почти не мешал', '2024-10-21 16:32:59', 5),
    (52, 7, 21, 'Оборудование в целом в рабочем состоянии', '2024-04-12 14:59:11', 8),
    (53, 6, 46, 'Хороший класс для индивидуальной работы', '2025-05-09 16:08:49', 6),
    (54, 19, 8, 'Помещение просторное, звук читается хорошо', '2025-05-10 17:10:07', 7),
    (55, 16, 15, 'Бронировали для подготовки к концерту, всё прошло удачно', '2025-11-10 19:08:36', 7),
    (56, 7, 39, 'Удобно для занятий с концертмейстером', '2025-09-07 08:35:03', 9),
    (57, 1, 35, 'Хорошая изоляция, посторонний шум почти не мешал', '2024-09-27 05:59:10', 8),
    (58, 5, 15, 'Помещение просторное, звук читается хорошо', '2024-08-27 08:47:12', 8),
    (59, 16, 9, NULL, '2025-08-12 11:32:42', 9),
    (60, 16, 54, 'Небольшая аудитория, но для задачи подходит', '2025-12-11 11:37:17', 7),
    (61, 14, 51, 'Хотелось бы чуть лучшее проветривание, но в целом хорошо', '2024-05-13 00:17:56', 8),
    (62, 7, 13, NULL, '2024-12-29 18:26:49', 7),
    (63, 7, 21, 'Удобно для занятий с концертмейстером', '2024-04-14 21:56:11', 7),
    (64, 16, 28, NULL, '2024-08-22 02:16:21', 6),
    (65, 7, 35, 'Хотелось бы чуть лучшее проветривание, но в целом хорошо', '2024-11-19 17:27:03', 10),
    (66, 6, 46, 'После небольшой настройки работать стало удобно', '2025-05-10 15:29:49', 7),
    (67, 7, 61, NULL, '2024-04-25 20:47:57', 7),
    (68, 7, 17, 'В студии было комфортно заниматься', '2024-10-22 06:57:59', 8),
    (69, 5, 15, NULL, '2024-08-28 06:14:12', 6),
    (70, 13, 28, 'Подходит для спокойной репетиции', '2025-09-07 11:35:14', 6),
    (71, 6, 50, 'Бронировали для подготовки к концерту, всё прошло удачно', '2024-11-18 10:46:43', 7),
    (72, 13, 36, 'После небольшой настройки работать стало удобно', '2024-09-02 12:25:29', 8),
    (73, 18, 3, NULL, '2024-05-09 00:06:34', 6),
    (74, 16, 79, 'Удобно для занятий с концертмейстером', '2025-11-22 03:22:34', 5),
    (75, 7, 5, 'Бронировали для подготовки к концерту, всё прошло удачно', '2024-02-26 20:47:15', 7),
    (76, 6, 37, 'В студии было комфортно заниматься', '2024-03-16 02:17:07', 7),
    (77, 16, 57, 'Подходит для спокойной репетиции', '2025-03-26 00:27:42', 8),
    (78, 16, 15, 'Подходит для спокойной репетиции', '2025-11-11 11:58:36', 6),
    (79, 7, 23, 'Оборудование в целом в рабочем состоянии', '2025-02-01 01:49:37', 6),
    (80, 6, 46, 'В студии было комфортно заниматься', '2025-05-08 00:58:49', 7),
    (81, 7, 57, 'Для занятия по вокалу помещение подошло хорошо', '2024-07-05 19:39:08', 6),
    (82, 12, 11, 'Подходит для спокойной репетиции', '2025-05-05 12:19:45', 7),
    (83, 16, 48, NULL, '2025-09-30 11:31:45', 9),
    (84, 18, 3, NULL, '2024-05-09 22:36:34', 8),
    (85, 16, 79, NULL, '2025-11-18 01:19:34', 8),
    (86, 7, 23, 'Удобно для занятий с концертмейстером', '2025-01-28 10:29:37', 7),
    (87, 14, 47, 'Оборудование в целом в рабочем состоянии', '2024-09-06 17:41:19', 10),
    (88, 16, 65, 'Помещение просторное, звук читается хорошо', '2025-06-22 08:41:47', 7),
    (89, 13, 28, NULL, '2025-09-06 11:07:14', 7),
    (90, 16, 72, 'Удобно для занятий с концертмейстером', '2024-02-06 22:51:17', 8);

INSERT INTO music_studio.review_equipment (equipment_id, review_id, rating, comment) VALUES
    (69, 1, 8, NULL),
    (82, 1, 7, NULL),
    (22, 2, 6, 'Требуется небольшая настройка'),
    (33, 2, 9, 'Хорошее рабочее состояние'),
    (46, 2, 10, 'Очень удобно в работе'),
    (84, 2, 9, 'Понравилось качество звука'),
    (25, 3, 5, NULL),
    (11, 4, 8, 'В целом всё хорошо'),
    (22, 5, 8, 'Оборудование помогло на занятии'),
    (33, 5, 8, 'В целом всё хорошо'),
    (41, 5, 7, 'С задачей справилось'),
    (84, 5, 7, 'Нормально для учебной работы'),
    (12, 6, 10, NULL),
    (14, 6, 8, 'Оборудование помогло на занятии'),
    (16, 6, 8, NULL),
    (17, 6, 9, 'Хорошее рабочее состояние'),
    (21, 6, 9, 'Понравилось качество звука'),
    (23, 6, 7, 'Нормально для учебной работы'),
    (27, 6, 7, NULL),
    (29, 6, 9, 'Хорошее рабочее состояние'),
    (40, 6, 8, 'В целом всё хорошо'),
    (43, 6, 7, 'Нормально для учебной работы'),
    (44, 6, 8, 'В целом всё хорошо'),
    (62, 7, 6, 'Можно пользоваться'),
    (82, 8, 9, NULL),
    (69, 9, 9, 'Нареканий почти нет'),
    (82, 9, 8, 'Оборудование помогло на занятии'),
    (51, 10, 6, 'Можно пользоваться'),
    (56, 10, 8, NULL),
    (22, 11, 6, 'Состояние среднее'),
    (46, 11, 8, 'Для репетиции подошло'),
    (84, 11, 5, 'Работает не всегда стабильно'),
    (73, 12, 9, NULL),
    (36, 13, 5, 'Работает не всегда стабильно'),
    (42, 13, 8, 'Оборудование помогло на занятии'),
    (63, 13, 6, 'Для короткой репетиции нормально'),
    (36, 14, 10, NULL),
    (49, 15, 9, 'Понравилось качество звука'),
    (36, 16, 7, 'Есть мелкие следы износа'),
    (25, 17, 6, 'Требуется небольшая настройка'),
    (48, 18, 10, NULL),
    (25, 19, 5, 'Лучше проверить перед занятием'),
    (65, 20, 9, 'Нареканий почти нет'),
    (41, 21, 6, 'Требуется небольшая настройка'),
    (73, 22, 8, NULL),
    (24, 23, 8, 'В целом всё хорошо'),
    (30, 23, 9, 'Нареканий почти нет'),
    (39, 23, 8, 'Оборудование помогло на занятии'),
    (2, 24, 7, NULL),
    (20, 24, 7, 'С задачей справилось'),
    (69, 25, 6, 'Можно пользоваться'),
    (82, 25, 10, 'Очень удобно в работе'),
    (2, 26, 9, 'Использовать было удобно'),
    (3, 26, 7, NULL),
    (63, 26, 7, 'Есть мелкие следы износа'),
    (33, 27, 7, 'Работает без серьёзных проблем'),
    (84, 27, 6, NULL),
    (18, 28, 10, 'Звук чистый и ровный'),
    (46, 29, 6, 'Требуется небольшая настройка'),
    (33, 30, 7, 'Есть мелкие следы износа'),
    (41, 30, 8, NULL),
    (1, 31, 7, 'С задачей справилось'),
    (64, 31, 7, 'С задачей справилось'),
    (78, 31, 6, 'Можно пользоваться'),
    (33, 32, 8, NULL),
    (45, 33, 8, 'Для репетиции подошло'),
    (53, 33, 8, 'В целом всё хорошо'),
    (65, 34, 6, 'Состояние среднее'),
    (10, 35, 9, NULL),
    (18, 35, 7, 'Есть мелкие следы износа'),
    (33, 36, 7, 'Работает без серьёзных проблем'),
    (41, 36, 10, 'Отличное состояние'),
    (53, 37, 9, NULL),
    (52, 38, 5, 'Нужна профилактика'),
    (76, 38, 9, 'Хорошее рабочее состояние'),
    (24, 39, 6, 'Состояние среднее'),
    (38, 39, 9, NULL),
    (70, 39, 8, 'Работает стабильно'),
    (12, 40, 10, 'Очень удобно в работе'),
    (63, 41, 8, 'Для репетиции подошло'),
    (54, 42, 7, NULL),
    (22, 43, 6, 'Состояние среднее'),
    (41, 43, 9, 'Использовать было удобно'),
    (46, 43, 6, 'Можно пользоваться'),
    (84, 43, 9, NULL),
    (2, 44, 10, 'Звук чистый и ровный'),
    (24, 44, 6, 'Состояние среднее'),
    (56, 45, 8, 'В целом всё хорошо'),
    (22, 46, 9, NULL),
    (44, 47, 7, 'Нормально для учебной работы'),
    (69, 48, 9, 'Нареканий почти нет'),
    (82, 48, 7, 'С задачей справилось'),
    (31, 49, 8, NULL),
    (62, 49, 8, 'В целом всё хорошо'),
    (80, 49, 7, 'Работает без серьёзных проблем'),
    (25, 50, 7, 'Есть мелкие следы износа'),
    (68, 51, 5, NULL),
    (2, 52, 9, 'Хорошее рабочее состояние'),
    (66, 52, 6, 'Для короткой репетиции нормально'),
    (41, 53, 10, 'Работало безупречно'),
    (76, 54, 7, NULL),
    (12, 55, 7, 'Нормально для учебной работы'),
    (31, 56, 6, 'Требуется небольшая настройка'),
    (73, 56, 7, 'Нормально для учебной работы'),
    (11, 57, 10, NULL),
    (1, 58, 7, 'Нормально для учебной работы'),
    (59, 58, 10, 'Звук чистый и ровный'),
    (50, 59, 10, 'Отличное состояние'),
    (16, 60, 7, NULL),
    (29, 60, 6, 'Состояние среднее'),
    (48, 60, 9, 'Использовать было удобно'),
    (25, 61, 7, 'С задачей справилось'),
    (45, 62, 7, NULL),
    (56, 62, 8, 'Для репетиции подошло'),
    (2, 63, 8, 'Для репетиции подошло'),
    (12, 64, 8, 'Для репетиции подошло'),
    (56, 65, 10, NULL),
    (22, 66, 7, 'Есть мелкие следы износа'),
    (33, 66, 6, 'Состояние среднее'),
    (41, 66, 7, 'Нормально для учебной работы'),
    (84, 66, 7, NULL),
    (45, 67, 7, 'С задачей справилось'),
    (53, 67, 9, 'Использовать было удобно'),
    (54, 67, 5, 'Есть заметные неудобства'),
    (63, 67, 6, NULL),
    (31, 68, 9, 'Хорошее рабочее состояние'),
    (64, 69, 8, 'Для репетиции подошло'),
    (69, 70, 10, 'Очень удобно в работе'),
    (82, 70, 7, NULL),
    (22, 71, 7, 'Есть мелкие следы износа'),
    (84, 71, 8, 'Оборудование помогло на занятии'),
    (69, 72, 8, 'В целом всё хорошо'),
    (35, 73, 7, NULL),
    (83, 73, 6, 'Требуется небольшая настройка'),
    (14, 74, 10, 'Очень удобно в работе'),
    (44, 74, 10, 'Работало безупречно'),
    (38, 75, 7, NULL),
    (73, 75, 8, 'Оборудование помогло на занятии'),
    (22, 76, 9, 'Хорошее рабочее состояние'),
    (14, 77, 10, 'Очень удобно в работе'),
    (89, 77, 9, NULL),
    (48, 78, 10, 'Звук чистый и ровный'),
    (57, 78, 6, 'Требуется небольшая настройка'),
    (54, 79, 8, 'В целом всё хорошо'),
    (80, 79, 8, NULL),
    (22, 80, 6, 'Для короткой репетиции нормально'),
    (3, 81, 8, 'Работает стабильно'),
    (80, 81, 6, 'Можно пользоваться'),
    (65, 82, 9, NULL),
    (40, 83, 10, 'Отличное состояние'),
    (49, 83, 6, 'Состояние среднее'),
    (35, 84, 7, 'Есть мелкие следы износа'),
    (77, 84, 7, NULL),
    (89, 85, 9, 'Нареканий почти нет'),
    (54, 86, 5, 'Работает не всегда стабильно'),
    (25, 87, 7, 'Работает без серьёзных проблем'),
    (50, 88, 9, NULL),
    (69, 89, 7, 'Работает без серьёзных проблем'),
    (82, 89, 6, 'Требуется небольшая настройка'),
    (12, 90, 7, 'С задачей справилось');

SELECT setval(pg_get_serial_sequence('music_studio.users', 'user_id'), (SELECT MAX(user_id) FROM music_studio.users));
SELECT setval(pg_get_serial_sequence('music_studio.studios', 'studio_id'), (SELECT MAX(studio_id) FROM music_studio.studios));
SELECT setval(pg_get_serial_sequence('music_studio.equipment', 'equipment_id'), (SELECT MAX(equipment_id) FROM music_studio.equipment));
SELECT setval(pg_get_serial_sequence('music_studio.bookings', 'booking_id'), (SELECT MAX(booking_id) FROM music_studio.bookings));
SELECT setval(pg_get_serial_sequence('music_studio.equipment_maintenance', 'maintenance_id'), (SELECT MAX(maintenance_id) FROM music_studio.equipment_maintenance));
SELECT setval(pg_get_serial_sequence('music_studio.reviews', 'review_id'), (SELECT MAX(review_id) FROM music_studio.reviews));
